stationId,KASTEPISTE,KESKITUULI,ILMAN_KOSTEUS,SADE,SADESUMMA,SATEEN_OLOMUOTO_PWDXX,TURVALLISUUSLÄMPÖ_1,ILMAN_LÄMPÖTILA_24H_MIN,ILMAN_LÄMPÖTILA_24H_MAX,LUMEN_SYVYYS,KELI_1,KELI_2,KELI_3,KELI_4,VEDEN_MÄÄRÄ1,VEDEN_MÄÄRÄ2,LUMEN_MÄÄRÄ1,LUMEN_MÄÄRÄ2,JÄÄN_MÄÄRÄ1,JÄÄN_MÄÄRÄ2,JÄÄTAAJUUS_1,JÄÄTAAJUUS_2,KUURAPISTE,KUURAPISTE_ERO_ILMA,KUURAPISTE_ERO_TIE,KITKA1,KITKA1_LUKU,KITKA2,KITKA2_LUKU,SADESUMMA_LIUKUVA_24H,KOSTEUDEN_MÄÄRÄ_1,VALLITSEVA_SÄÄ,SADE_desc,SATEEN_OLOMUOTO_PWDXX_desc,KELI_1_desc,KELI_2_desc
1001.0,-0.4,0.9,96.0,0.0,0.0,7.0,0.0,-5.0,5.4,,1.0,1.0,1.0,1.0,0.01,0.0,0.0,0.0,0.0,0.0,127.0,402.0,-0.4,0.6,1.7,0.82,0.82,0.82,0.82,0.0,0.0,10.0,Dry weather,Dry weather,Dry,Dry
1002.0,1.3,4.8,91.0,0.0,0.3,7.0,-0.3,1.5,3.1,,2.0,2.0,,,0.0,0.0,0.0,0.0,0.0,0.0,115.0,112.0,1.3,1.3,0.7,0.82,0.82,0.82,0.82,0.3,0.0,0.0,Dry weather,Dry weather,Moist,Moist
1003.0,0.4,1.2,95.0,0.0,0.0,7.0,-0.1,-3.4,5.6,,2.0,,,,0.01,0.0,0.0,0.0,0.0,0.0,109.0,,0.4,0.8,1.4,0.82,0.82,0.82,0.82,0.0,0.0,10.0,Dry weather,Dry weather,Moist,
1004.0,1.7,2.0,94.0,0.0,0.9,7.0,-0.1,-3.2,3.6,,2.0,1.0,,,0.0,,0.0,,0.0,,110.0,110.0,1.7,1.0,0.6,0.82,0.82,,,0.9,0.0,0.0,Dry weather,Dry weather,Moist,Dry
1005.0,0.9,1.6,93.0,0.0,0.4,7.0,,-3.6,4.7,,0.0,1.0,2.0,0.0,0.0,,0.0,,0.0,,,404.0,0.9,1.0,,0.82,0.82,,,0.4,,0.0,Dry weather,Dry weather,The sensor has a fault,Dry
1006.0,1.2,0.5,100.0,0.0,2.7,7.0,-0.2,-6.5,3.7,,4.0,8.0,,,0.17,0.15,0.0,0.0,0.0,0.0,112.0,112.0,1.2,0.1,-0.2,0.76,0.76,0.77,0.77,2.7,0.06,10.0,Dry weather,Dry weather,Wet and salty,Probably moist and salty
1009.0,0.6,2.3,95.0,0.0,0.1,7.0,0.0,-3.5,5.7,,1.0,1.0,,,0.0,,0.0,,0.0,,410.0,420.0,0.6,0.8,1.6,0.82,0.82,,,0.1,0.0,0.0,Dry weather,Dry weather,Dry,Dry
1010.0,0.5,2.1,96.0,0.0,0.0,7.0,0.0,-6.1,4.9,,1.0,1.0,,,0.0,,0.0,,0.0,,412.0,410.0,0.5,0.6,1.6,0.82,0.82,,,0.0,0.0,0.0,Dry weather,Dry weather,Dry,Dry
1011.0,1.3,0.5,98.0,0.0,1.7,7.0,-0.2,-5.9,2.7,,8.0,8.0,4.0,,0.07,0.08,0.0,0.0,0.0,0.0,112.0,115.0,1.3,0.3,-0.4,0.81,0.81,0.81,0.81,1.7,0.02,10.0,Dry weather,Dry weather,Probably moist and salty,Probably moist and salty
1012.0,0.8,0.8,96.0,0.0,0.1,7.0,-0.1,-1.8,3.5,,2.0,0.0,2.0,2.0,0.0,0.0,0.0,0.0,0.0,0.0,112.0,,0.8,0.6,0.1,0.82,0.82,0.82,0.82,0.1,0.0,10.0,Dry weather,Dry weather,Moist,The sensor has a fault
1013.0,0.6,0.9,98.0,0.0,0.0,7.0,-0.2,-4.9,5.0,,1.0,1.0,,,0.0,,0.0,,0.0,,107.0,110.0,0.6,0.4,0.6,0.82,0.82,,,0.0,0.0,10.0,Dry weather,Dry weather,Dry,Dry
1014.0,-0.4,1.3,86.0,0.0,0.0,7.0,0.0,-0.6,4.9,,1.0,1.0,,,0.0,,0.0,,0.0,,410.0,395.0,-0.4,2.1,1.8,0.82,0.82,,,0.0,0.0,0.0,Dry weather,Dry weather,Dry,Dry
1015.0,0.7,1.2,91.0,0.0,0.0,7.0,0.0,-2.8,6.0,,1.0,1.0,,,0.0,,0.0,,0.0,,402.0,325.0,0.7,1.4,2.8,0.82,0.82,,,0.0,0.0,0.0,Dry weather,Dry weather,Dry,Dry
1016.0,0.8,0.9,95.0,0.0,0.0,7.0,0.0,-3.6,5.5,,1.0,1.0,,,0.0,,0.0,,0.0,,125.0,112.0,0.8,0.8,2.4,0.82,0.82,,,0.0,0.0,0.0,Dry weather,Dry weather,Dry,Dry
1018.0,0.2,1.2,94.0,0.0,0.0,7.0,0.0,-5.5,5.8,,1.0,,,,0.0,,0.0,,0.0,,395.0,,0.2,0.9,1.9,0.82,0.82,,,0.0,0.0,0.0,Dry weather,Dry weather,Dry,
1019.0,1.5,1.6,100.0,0.0,1.9,7.0,-0.3,-6.3,3.8,,8.0,8.0,8.0,0.0,0.09,0.18,0.0,0.0,0.0,0.0,115.0,112.0,1.5,0.1,-0.1,0.8,0.8,0.76,0.76,1.9,0.0,0.0,Dry weather,Dry weather,Probably moist and salty,Probably moist and salty
1020.0,0.3,2.4,95.0,0.0,0.0,7.0,,-3.2,5.7,,0.0,0.0,0.0,0.0,0.01,,0.0,,0.0,,,,0.3,0.8,,0.82,0.82,,,0.0,,0.0,Dry weather,Dry weather,The sensor has a fault,The sensor has a fault
1021.0,1.2,0.5,100.0,0.0,0.9,7.0,-0.5,-5.7,4.4,,4.0,,,,0.14,,0.0,,0.0,,112.0,,1.2,0.0,-0.1,0.78,0.78,,,0.9,0.04,10.0,Dry weather,Dry weather,Wet and salty,
1022.0,1.5,1.4,99.0,0.0,1.1,7.0,-0.5,-6.1,3.5,,8.0,8.0,8.0,8.0,0.12,0.11,0.0,0.0,0.0,0.0,112.0,112.0,1.5,0.2,0.0,0.79,0.79,0.8,0.8,1.1,0.01,10.0,Dry weather,Dry weather,Probably moist and salty,Probably moist and salty
1030.0,0.7,0.6,91.0,0.0,0.0,7.0,0.0,-5.8,6.7,,2.0,2.0,,,,,,,,,109.0,115.0,0.7,1.3,1.6,,,,,0.0,0.0,0.0,Dry weather,Dry weather,Moist,Moist
1032.0,1.3,2.5,95.0,0.0,0.0,7.0,0.0,-4.1,6.3,,1.0,2.0,,,,,,,,,107.0,115.0,1.3,0.7,1.2,,,,,0.0,0.0,0.0,Dry weather,Dry weather,Dry,Moist
1034.0,1.2,1.2,91.0,0.0,0.4,7.0,-0.2,-2.8,3.8,,2.0,0.0,2.0,2.0,,0.0,,0.0,,0.0,110.0,,1.2,1.4,1.5,,,0.82,0.82,0.4,0.0,0.0,Dry weather,Dry weather,Moist,The sensor has a fault
1035.0,1.0,2.6,93.0,0.0,0.1,7.0,0.0,-6.3,5.0,,1.0,1.0,,,0.0,0.01,0.0,0.0,0.0,0.0,115.0,120.0,1.0,1.1,1.6,0.82,0.82,0.82,0.82,0.1,0.0,0.0,Dry weather,Dry weather,Dry,Dry
1036.0,-6.2,0.4,86.0,0.0,0.0,7.0,0.0,-6.6,8.4,,1.0,1.0,0.0,0.0,0.0,,0.0,,0.0,,415.0,247.0,-5.5,1.4,0.8,0.82,0.82,,,0.0,0.0,0.0,Dry weather,Dry weather,Dry,Dry
1037.0,1.0,0.8,98.0,0.0,1.0,7.0,-0.3,-4.7,4.4,,8.0,8.0,,,0.13,,0.0,,0.0,,112.0,115.0,1.0,0.3,-0.4,0.78,0.78,,,1.0,0.02,10.0,Dry weather,Dry weather,Probably moist and salty,Probably moist and salty
1041.0,0.8,1.9,92.0,0.0,0.0,7.0,0.0,-6.0,5.0,,1.0,0.0,1.0,1.0,0.0,0.0,0.0,0.0,0.0,0.0,242.0,,0.8,1.2,1.7,0.82,0.82,0.82,0.82,0.0,0.0,0.0,Dry weather,Dry weather,Dry,The sensor has a fault
1042.0,0.2,0.5,93.0,0.0,0.0,7.0,0.0,-4.1,5.3,,1.0,1.0,,,0.0,,0.0,,0.0,,115.0,192.0,0.2,1.1,2.1,0.82,0.82,,,0.0,0.0,10.0,Dry weather,Dry weather,Dry,Dry
1043.0,0.3,1.9,100.0,0.0,0.0,7.0,0.0,-6.1,5.4,,1.0,1.0,1.0,1.0,0.0,0.0,0.0,0.0,0.0,0.0,412.0,430.0,0.3,0.1,2.1,0.82,0.82,0.82,0.82,0.0,0.0,10.0,Dry weather,Dry weather,Dry,Dry
1045.0,1.4,3.9,94.0,0.0,0.3,7.0,-0.3,1.3,3.5,,2.0,2.0,2.0,2.0,0.02,,0.0,,0.0,,107.0,112.0,1.4,0.9,0.5,0.82,0.82,,,0.3,0.0,0.0,Dry weather,Dry weather,Moist,Moist
1047.0,1.4,1.2,94.0,0.0,0.2,7.0,0.0,1.3,3.3,,2.0,0.0,2.0,0.0,0.0,,0.0,,0.0,,112.0,,1.4,0.9,0.8,0.82,0.82,,,0.2,0.0,10.0,Dry weather,Dry weather,Moist,The sensor has a fault
1049.0,1.8,0.7,95.0,0.0,0.7,7.0,-0.3,-3.8,3.8,,1.0,2.0,,,,,,,,,109.0,109.0,1.8,0.7,0.7,,,,,0.7,0.0,0.0,Dry weather,Dry weather,Dry,Moist
1051.0,-1.9,0.6,100.0,0.0,0.0,7.0,0.0,-6.5,4.2,,1.0,1.0,,,0.0,,0.0,,0.0,,110.0,107.0,-1.7,-0.1,1.9,0.82,0.82,,,0.0,0.0,10.0,Dry weather,Dry weather,Dry,Dry
1052.0,0.5,0.8,92.0,0.0,0.0,7.0,0.0,-5.2,6.7,,1.0,1.0,,,0.0,,0.0,,0.0,,305.0,109.0,0.5,1.3,2.8,0.82,0.82,,,0.0,0.0,0.0,Dry weather,Dry weather,Dry,Dry
1053.0,0.2,1.4,88.0,0.0,0.0,7.0,0.0,-2.7,4.6,,1.0,1.0,,,0.0,,0.0,,0.0,,397.0,427.0,0.2,1.8,2.1,0.82,0.82,,,0.0,0.0,0.0,Dry weather,Dry weather,Dry,Dry
1054.0,0.4,0.6,96.0,0.0,0.0,7.0,-0.1,-4.2,5.7,,2.0,,,,0.0,,0.0,,0.0,,115.0,,0.4,0.7,0.9,0.82,0.82,,,0.0,0.0,0.0,Dry weather,Dry weather,Moist,
1055.0,1.1,2.1,92.0,0.0,0.1,7.0,-0.2,-1.4,4.1,,2.0,2.0,,,0.01,0.0,0.0,0.0,0.0,0.0,109.0,112.0,1.1,1.2,0.3,0.82,0.82,0.82,0.82,0.1,0.0,0.0,Dry weather,Dry weather,Moist,Moist
1059.0,0.9,2.1,98.0,0.0,1.4,7.0,-0.5,-5.5,5.4,,8.0,2.0,,,0.16,,0.0,,0.0,,112.0,109.0,0.9,0.4,-1.2,0.77,0.77,,,1.4,0.02,10.0,Dry weather,Dry weather,Probably moist and salty,Moist
1065.0,-1.0,0.3,94.0,0.0,0.0,7.0,0.0,-5.5,5.2,,1.0,1.0,1.0,1.0,0.0,0.0,0.0,0.0,0.0,0.0,420.0,402.0,-0.9,0.8,1.8,0.82,0.82,0.82,0.82,0.0,0.0,10.0,Dry weather,Dry weather,Dry,Dry
1066.0,0.4,1.3,92.0,0.0,0.0,7.0,0.0,-4.7,6.1,,1.0,1.0,1.0,1.0,0.0,0.0,0.0,0.0,0.0,0.0,415.0,410.0,0.4,1.1,2.5,0.82,0.82,0.82,0.82,0.0,0.0,0.0,Dry weather,Dry weather,Dry,Dry
1070.0,1.0,3.3,97.0,0.0,1.0,7.0,-0.2,-6.2,4.4,,4.0,4.0,,,0.07,,0.0,,0.0,,110.0,112.0,1.0,0.5,-0.9,0.81,0.81,,,1.0,0.06,10.0,Dry weather,Dry weather,Wet and salty,Wet and salty
1071.0,1.2,1.7,90.0,0.0,1.3,7.0,-0.5,-2.0,3.4,,2.0,8.0,8.0,8.0,,,,,,,104.0,112.0,1.2,1.5,1.8,,,,,1.3,0.0,0.0,Dry weather,Dry weather,Moist,Probably moist and salty
1072.0,3.2,,100.0,0.0,0.0,,-0.1,,,,1.0,2.0,,,,,,,,,110.0,113.0,,,,,,,,,0.0,,Dry weather,,Dry,Moist
1073.0,1.1,0.6,92.0,0.0,0.6,7.0,-1.0,-5.3,3.3,,8.0,0.0,4.0,8.0,,,,,,,112.0,,1.1,1.3,0.5,,,,,0.6,0.0,0.0,Dry weather,Dry weather,Probably moist and salty,The sensor has a fault
1084.0,0.9,,87.0,,,,0.0,-5.1,4.1,,1.0,,,,0.0,,0.0,,0.0,,110.0,,0.9,1.9,2.0,0.82,0.82,,,,0.0,,,,Dry,
1085.0,0.9,2.6,86.0,0.0,0.1,7.0,0.0,-4.0,3.8,,1.0,,,,0.01,,0.0,,0.0,,110.0,,0.9,2.1,1.7,0.82,0.82,,,0.1,0.0,0.0,Dry weather,Dry weather,Dry,
1087.0,0.3,1.1,91.0,0.0,0.0,7.0,0.0,-3.0,6.8,,1.0,,,,0.01,,0.0,,0.0,,107.0,,0.3,1.3,1.9,0.82,0.82,,,0.0,0.0,0.0,Dry weather,Dry weather,Dry,
1092.0,0.7,,86.0,,,,0.0,-0.4,4.3,,2.0,2.0,1.0,2.0,,,,,,,109.0,107.0,0.7,2.2,2.6,,,,,,0.0,,,,Moist,Moist
1096.0,0.9,2.2,90.0,0.0,0.1,7.0,-0.5,-3.6,4.1,,2.0,2.0,,,0.0,0.0,0.0,0.0,0.0,0.0,115.0,112.0,0.9,1.5,1.3,0.82,0.82,0.82,0.82,0.1,0.0,0.0,Dry weather,Dry weather,Moist,Moist
1108.0,1.3,1.4,99.0,0.0,1.0,7.0,-2.4,-5.2,3.7,,8.0,8.0,8.0,8.0,0.21,0.17,0.0,0.0,0.0,0.0,112.0,112.0,1.3,0.1,0.3,0.74,0.74,0.76,0.76,1.0,0.0,10.0,Dry weather,Dry weather,Probably moist and salty,Probably moist and salty
1113.0,1.5,,89.0,,,,0.0,,,,1.0,2.0,,,,,,,,,110.0,110.0,,,,,,,,,0.0,,,,Dry,Moist
1115.0,1.3,0.4,96.0,0.0,0.9,7.0,-0.3,-5.8,3.1,,2.0,8.0,0.0,8.0,0.11,0.09,0.0,0.0,0.0,0.0,112.0,110.0,1.3,0.6,0.1,0.79,0.79,0.8,0.8,0.9,0.0,10.0,Dry weather,Dry weather,Moist,Probably moist and salty
1116.0,1.3,1.2,96.0,0.0,2.9,7.0,-0.4,-6.4,4.0,,8.0,8.0,8.0,8.0,0.09,0.08,0.0,0.0,0.0,0.0,110.0,112.0,1.3,0.6,0.1,0.8,0.8,0.81,0.81,2.9,0.02,0.0,Dry weather,Dry weather,Probably moist and salty,Probably moist and salty
,,,,,,,,,,,,,,,,,,,,,,,,,,,,,,,,,,,,
1155.0,-0.1,,95.0,0.0,0.0,7.0,,-5.1,5.3,,,,,,0.0,0.0,0.0,0.0,0.0,0.0,,,-0.1,0.7,,0.82,0.82,0.82,0.82,0.0,,10.0,Dry weather,Dry weather,,
1158.0,0.0,,98.0,0.0,0.0,7.0,,-5.5,5.6,,,,,,0.0,0.0,0.0,0.0,0.0,0.0,,,0.0,0.4,,0.82,0.82,0.82,0.82,0.0,,10.0,Dry weather,Dry weather,,
1161.0,0.4,,96.0,0.0,0.0,7.0,,-5.7,5.9,,,,,,0.0,0.0,0.0,0.0,0.0,0.0,,,0.4,0.6,,0.82,0.82,0.82,0.82,0.0,,10.0,Dry weather,Dry weather,,
1163.0,0.6,,94.0,,,,,-4.8,6.0,,,,,,0.01,0.0,0.0,0.0,0.0,0.0,,,0.6,0.8,,0.82,0.82,0.82,0.82,,,,,,,
1165.0,0.1,1.0,92.0,0.0,0.0,7.0,0.0,-4.7,6.2,,1.0,,,,0.0,,0.0,,0.0,,367.0,,0.1,1.2,1.6,0.82,0.82,,,0.0,0.0,0.0,Dry weather,Dry weather,Dry,
1166.0,0.2,1.5,93.0,0.0,0.0,7.0,0.0,-5.4,5.9,,1.0,,,,0.01,,0.0,,0.0,,367.0,,0.2,1.1,2.2,0.82,0.82,,,0.0,0.0,0.0,Dry weather,Dry weather,Dry,
1167.0,0.4,0.7,96.0,0.0,0.0,7.0,-0.2,-3.3,5.7,,2.0,,,,0.0,,0.0,,0.0,,112.0,,0.4,0.6,1.5,0.82,0.82,,,0.0,0.0,10.0,Dry weather,Dry weather,Moist,
1169.0,-1.0,0.7,95.0,0.0,0.0,7.0,0.0,-7.1,5.4,,1.0,,,,0.0,,0.0,,0.0,,380.0,,-0.9,0.7,1.4,0.82,0.82,,,0.0,0.0,10.0,Dry weather,Dry weather,Dry,
1171.0,1.1,1.1,91.0,0.0,0.1,7.0,-0.3,-2.6,4.2,,2.0,2.0,,,0.0,0.0,0.0,0.0,0.0,0.0,110.0,110.0,1.1,1.4,0.7,0.82,0.82,0.82,0.82,0.1,0.0,0.0,Dry weather,Dry weather,Moist,Moist
1174.0,,,,,,,,,,,,,,,0.01,0.0,0.0,0.0,0.0,0.0,,,,,,0.82,0.82,0.82,0.82,,,,,,,
1177.0,0.7,1.5,93.0,0.0,0.0,7.0,,-4.3,4.0,,0.0,0.0,,,0.0,0.0,0.0,0.0,0.0,0.0,,,0.7,1.0,,0.82,0.82,0.82,0.82,0.0,,0.0,Dry weather,Dry weather,The sensor has a fault,The sensor has a fault
1180.0,,,,,,,,,,,,,,,0.12,0.05,0.0,0.0,0.0,0.0,,,,,,0.79,0.79,0.82,0.82,,,,,,,
1183.0,0.8,1.7,95.0,0.0,0.0,7.0,0.0,-6.9,5.6,,1.0,1.0,0.0,1.0,0.0,0.0,0.0,0.0,0.0,0.0,427.0,411.0,0.8,0.8,1.4,0.82,0.82,0.82,0.82,0.0,0.0,0.0,Dry weather,Dry weather,Dry,Dry
1189.0,0.4,1.1,95.0,0.0,0.0,7.0,-0.1,-3.4,5.6,,2.0,,,,0.02,0.0,0.0,0.0,0.0,0.0,109.0,,0.4,0.8,1.4,0.82,0.82,0.82,0.82,0.0,0.0,10.0,Dry weather,Dry weather,Moist,
1193.0,0.9,2.2,90.0,0.0,0.0,7.0,0.0,-4.1,5.0,,2.0,1.0,,,0.0,0.0,0.0,0.0,0.0,0.0,112.0,109.0,0.9,1.6,0.6,0.82,0.82,0.82,0.82,0.0,0.0,0.0,Dry weather,Dry weather,Moist,Dry
2002.0,-1.3,2.8,85.0,0.0,0.0,7.0,,-3.0,7.3,,0.0,0.0,,,,0.0,,0.0,,0.0,,,-1.1,2.1,,,,0.82,0.82,0.0,,0.0,Dry weather,Dry weather,The sensor has a fault,The sensor has a fault
2003.0,-2.2,4.2,78.0,0.0,0.0,7.0,0.0,-2.2,7.5,,1.0,1.0,,,0.0,,0.0,,0.0,,420.0,110.0,-2.0,3.2,3.7,0.82,0.82,,,0.0,0.0,0.0,Dry weather,Dry weather,Dry,Dry
2004.0,-0.7,2.1,80.0,0.0,0.0,7.0,0.0,-2.9,6.0,,2.0,,,,0.0,,0.0,,0.0,,109.0,,-0.6,3.0,3.0,0.82,0.82,,,0.0,0.0,0.0,Dry weather,Dry weather,Moist,
2006.0,-2.3,1.1,72.0,0.0,0.0,7.0,0.0,-3.7,7.3,,1.0,1.0,,,,0.0,,0.0,,0.0,420.0,415.0,-2.0,4.2,4.5,,,0.82,0.82,0.0,0.0,0.0,Dry weather,Dry weather,Dry,Dry
2007.0,-1.6,0.6,73.0,0.0,0.0,7.0,0.0,-3.5,6.3,,1.0,0.0,,,,0.01,,0.0,,0.0,452.0,,-1.4,4.2,4.0,,,0.82,0.82,0.0,0.0,0.0,Dry weather,Dry weather,Dry,The sensor has a fault
2008.0,1.3,1.5,85.0,0.0,0.0,7.0,0.0,-3.3,7.2,,1.0,1.0,,,0.0,,0.0,,0.0,,430.0,420.0,11.5,-10.2,-9.4,0.82,0.82,,,0.0,0.0,0.0,Dry weather,Dry weather,Dry,Dry
2009.0,-3.3,2.7,69.0,0.0,0.0,7.0,0.0,-3.3,6.8,,1.0,1.0,,,,0.0,,0.0,,0.0,410.0,402.0,-2.9,4.8,4.3,,,0.82,0.82,0.0,0.0,0.0,Dry weather,Dry weather,Dry,Dry
2010.0,-1.3,2.5,72.0,0.0,0.0,7.0,0.0,-5.2,6.1,,1.0,1.0,,,0.0,,0.0,,0.0,,405.0,400.0,-1.2,4.4,4.6,0.82,0.82,,,0.0,0.0,0.0,Dry weather,Dry weather,Dry,Dry
2011.0,-2.0,2.6,73.0,0.0,0.0,7.0,0.0,-3.0,6.9,,1.0,1.0,,,0.0,,0.0,,0.0,,420.0,440.0,-1.7,4.2,5.1,0.82,0.82,,,0.0,0.0,0.0,Dry weather,Dry weather,Dry,Dry
2012.0,-1.3,3.2,75.0,0.0,0.0,7.0,0.0,-3.9,6.3,,1.0,1.0,,,,0.0,,0.0,,0.0,350.0,420.0,-1.1,3.9,4.5,,,0.82,0.82,0.0,0.0,0.0,Dry weather,Dry weather,Dry,Dry
2013.0,-2.6,0.9,73.0,0.0,0.0,7.0,0.0,-4.0,6.7,,1.0,1.0,,,0.0,,0.0,,0.0,,407.0,400.0,-2.3,4.1,3.3,0.82,0.82,,,0.0,0.0,0.0,Dry weather,Dry weather,Dry,Dry
2014.0,-2.5,3.4,71.0,0.0,0.0,7.0,0.0,-4.0,6.5,,1.0,0.0,,,0.0,,0.0,,0.0,,317.0,,-2.2,4.5,4.3,0.82,0.82,,,0.0,0.0,0.0,Dry weather,Dry weather,Dry,The sensor has a fault
2015.0,-1.2,1.9,78.0,0.0,0.0,7.0,0.0,-3.2,7.0,,1.0,1.0,,,0.0,,0.0,,0.0,,415.0,397.0,-1.0,3.4,5.0,0.82,0.82,,,0.0,0.0,0.0,Dry weather,Dry weather,Dry,Dry
2016.0,-2.0,5.0,69.0,0.0,0.0,7.0,0.0,-3.8,7.5,,1.0,1.0,,,,0.0,,0.0,,0.0,420.0,407.0,-1.8,4.9,5.7,,,0.82,0.82,0.0,0.0,0.0,Dry weather,Dry weather,Dry,Dry
2017.0,-1.7,1.2,71.0,0.0,0.0,7.0,0.0,-3.1,7.5,,1.0,1.0,,,,0.0,,0.0,,0.0,130.0,202.0,-1.5,4.6,3.2,,,0.82,0.82,0.0,0.0,0.0,Dry weather,Dry weather,Dry,Dry
2018.0,-0.3,0.9,84.0,0.0,0.0,7.0,0.0,-2.2,5.6,,1.0,,,,0.0,,0.0,,0.0,,407.0,,-0.3,2.4,2.5,0.82,0.82,,,0.0,0.0,0.0,Dry weather,Dry weather,Dry,
2019.0,-1.0,1.6,79.0,0.0,0.0,7.0,0.0,-1.6,7.1,,1.0,1.0,,,0.0,,0.0,,0.0,,115.0,437.0,-0.9,3.2,4.2,0.82,0.82,,,0.0,0.0,0.0,Dry weather,Dry weather,Dry,Dry
2020.0,-2.3,1.9,75.0,0.0,0.0,7.0,0.0,-3.2,7.6,,1.0,1.0,,,0.0,,0.0,,0.0,,407.0,110.0,-2.0,3.8,3.6,0.82,0.82,,,0.0,0.0,0.0,Dry weather,Dry weather,Dry,Dry
2022.0,-0.1,1.5,87.0,0.0,0.0,7.0,0.0,-2.6,7.3,,1.0,1.0,,,,,,,,,430.0,466.0,-0.1,1.9,1.6,,,,,0.0,0.0,0.0,Dry weather,Dry weather,Dry,Dry
2023.0,-0.5,2.0,86.0,0.0,0.0,7.0,0.0,-2.7,4.3,,1.0,1.0,,,,,,,,,143.0,391.0,-0.4,2.0,3.7,,,,,0.0,0.0,0.0,Dry weather,Dry weather,Dry,Dry
2025.0,-0.5,3.9,87.0,0.0,0.0,7.0,0.0,-2.1,6.7,,1.0,1.0,,,,,,,,,430.0,453.0,-0.4,1.9,2.4,,,,,0.0,0.0,0.0,Dry weather,Dry weather,Dry,Dry
2026.0,-1.4,3.8,79.0,0.0,0.0,7.0,-0.3,-2.6,7.4,,8.0,1.0,,,0.0,,0.0,,0.0,,110.0,422.0,-1.2,3.2,2.3,0.82,0.82,,,0.0,0.0,0.0,Dry weather,Dry weather,Probably moist and salty,Dry
2027.0,-1.8,3.9,74.0,0.0,0.0,7.0,0.0,-3.7,6.8,,1.0,1.0,,,,0.0,,0.0,,0.0,410.0,407.0,-1.6,3.9,5.2,,,0.82,0.82,0.0,0.0,0.0,Dry weather,Dry weather,Dry,Dry
2028.0,-1.6,3.5,74.0,0.0,0.0,7.0,0.0,-3.1,6.7,,1.0,1.0,,,,0.0,,0.0,,0.0,415.0,427.0,-1.4,4.0,5.1,,,0.82,0.82,0.0,0.0,0.0,Dry weather,Dry weather,Dry,Dry
2029.0,-2.2,1.8,78.0,0.0,0.0,7.0,0.0,-3.5,7.2,,1.0,1.0,,,0.0,,0.0,,0.0,,417.0,415.0,-1.9,3.2,2.9,0.82,0.82,,,0.0,0.0,0.0,Dry weather,Dry weather,Dry,Dry
2031.0,-1.0,3.5,80.0,0.0,0.1,7.0,0.0,-1.5,7.2,,1.0,1.0,1.0,1.0,,0.0,,0.0,,0.0,402.0,410.0,-0.9,3.0,4.4,,,0.82,0.82,0.1,0.0,0.0,Dry weather,Dry weather,Dry,Dry
2032.0,-1.3,1.5,75.0,0.0,0.0,7.0,0.0,-5.5,6.3,,1.0,1.0,,,0.13,,0.0,,0.0,,406.0,409.0,-1.2,3.9,4.9,0.78,0.78,,,0.0,0.0,0.0,Dry weather,Dry weather,Dry,Dry
2033.0,-1.6,1.5,73.0,0.0,0.0,7.0,,-4.7,6.3,,0.0,1.0,,,,,,,,,,385.0,-1.4,4.2,,,,,,0.0,,0.0,Dry weather,Dry weather,The sensor has a fault,Dry
2034.0,0.9,2.1,91.0,0.0,0.0,7.0,0.0,-1.1,4.5,,1.0,1.0,,,0.0,,0.0,,0.0,,422.0,370.0,0.9,1.4,1.6,0.82,0.82,,,0.0,0.0,0.0,Dry weather,Dry weather,Dry,Dry
2037.0,-1.3,1.7,76.0,0.0,0.1,7.0,0.0,-2.7,7.8,,1.0,1.0,,,0.0,0.0,0.0,0.0,0.0,0.0,175.0,390.0,-1.1,3.6,5.1,0.82,0.82,0.82,0.82,0.1,0.0,0.0,Dry weather,Dry weather,Dry,Dry
2039.0,-1.3,4.6,75.0,0.0,0.5,7.0,0.0,-1.1,6.8,,1.0,1.0,1.0,1.0,0.0,,0.0,,0.0,,665.0,747.0,-1.1,3.9,5.1,0.82,0.82,,,0.5,0.0,0.0,Dry weather,Dry weather,Dry,Dry
2041.0,-1.4,0.5,75.0,0.0,0.0,7.0,0.0,-2.3,7.0,,1.0,1.0,1.0,1.0,0.0,0.0,0.0,0.0,0.0,0.0,412.0,412.0,-1.2,3.8,5.6,0.82,0.82,0.82,0.82,0.0,0.0,0.0,Dry weather,Dry weather,Dry,Dry
2043.0,-1.1,3.7,76.0,0.0,0.0,7.0,0.0,-1.8,6.6,,1.0,1.0,,,,0.0,,0.0,,0.0,402.0,410.0,-0.9,3.7,5.1,,,0.82,0.82,0.0,0.0,0.0,Dry weather,Dry weather,Dry,Dry
2045.0,-1.2,1.3,77.0,0.0,0.0,7.0,-0.1,-3.4,6.8,,2.0,1.0,1.0,1.0,0.0,0.0,0.0,0.0,0.0,0.0,112.0,430.0,-1.1,3.6,4.5,0.82,0.82,0.82,0.82,0.0,0.0,0.0,Dry weather,Dry weather,Moist,Dry
2047.0,-1.1,3.6,76.0,0.0,0.0,7.0,0.0,-3.0,5.8,,1.0,1.0,,,0.0,0.0,0.0,0.0,0.0,0.0,395.0,110.0,-0.9,3.7,4.2,0.82,0.82,0.82,0.82,0.0,0.0,0.0,Dry weather,Dry weather,Dry,Dry
2049.0,-0.7,1.2,80.0,0.0,0.0,7.0,0.0,-2.7,6.0,,1.0,1.0,0.0,0.0,0.0,0.0,0.0,0.0,0.0,0.0,400.0,402.0,-0.6,3.1,3.6,0.82,0.82,0.82,0.82,0.0,0.0,0.0,Dry weather,Dry weather,Dry,Dry
2052.0,0.2,3.8,83.0,0.0,0.0,7.0,0.0,-3.9,4.8,,1.0,,,,,,,,,,414.0,,0.2,2.7,2.4,,,,,0.0,0.0,0.0,Dry weather,Dry weather,Dry,
2054.0,1.0,2.5,93.0,0.0,0.0,7.0,,,,,,,,,,,,,,,,,,,,,,,,,,10.0,Dry weather,Dry weather,,
2059.0,-0.4,3.5,81.0,0.0,0.0,7.0,0.0,-4.6,6.1,,1.0,1.0,,,0.0,0.0,0.0,0.0,0.0,0.0,397.0,405.0,-0.3,3.0,3.3,0.82,0.82,0.82,0.82,0.0,0.0,0.0,Dry weather,Dry weather,Dry,Dry
2061.0,0.0,1.0,88.0,0.0,0.0,7.0,,-3.5,7.0,,0.0,0.0,,,,,,,,,,,0.0,1.8,,,,,,0.0,,0.0,Dry weather,Dry weather,The sensor has a fault,The sensor has a fault
2062.0,0.0,1.1,89.0,0.0,0.0,7.0,0.0,-5.3,6.3,,1.0,1.0,,,0.0,,0.0,,0.0,,112.0,110.0,0.0,1.6,2.3,0.82,0.82,,,0.0,0.0,0.0,Dry weather,Dry weather,Dry,Dry
2063.0,-0.5,1.5,87.0,0.0,0.0,7.0,,-3.5,6.6,,0.0,1.0,,,,,,,,,,107.0,-0.5,1.9,,,,,,0.0,,0.0,Dry weather,Dry weather,The sensor has a fault,Dry
2065.0,-0.7,1.6,85.0,0.0,0.0,7.0,-0.1,-3.8,6.9,,2.0,8.0,,,,,,,,,112.0,115.0,-0.7,2.3,2.5,,,,,0.0,0.0,0.0,Dry weather,Dry weather,Moist,Probably moist and salty
2087.0,-1.4,1.5,76.0,0.0,0.0,7.0,0.0,-2.9,7.2,,1.0,1.0,,,,0.0,,0.0,,0.0,440.0,847.0,-1.2,3.7,5.1,,,0.82,0.82,0.0,0.0,0.0,Dry weather,Dry weather,Dry,Dry
2088.0,-0.4,4.8,81.0,0.0,0.0,7.0,,-0.5,6.2,,0.0,0.0,,,,0.0,,0.0,,0.0,,,-0.4,2.9,,,,0.82,0.82,0.0,,0.0,Dry weather,Dry weather,The sensor has a fault,The sensor has a fault
2090.0,-1.7,1.8,81.0,0.0,0.0,7.0,0.0,-2.5,8.0,,1.0,1.0,,,0.0,,0.0,,0.0,,414.0,411.0,-1.5,2.8,3.0,0.82,0.82,,,0.0,0.0,0.0,Dry weather,Dry weather,Dry,Dry
2097.0,-0.2,4.3,88.0,0.0,0.1,7.0,0.0,-1.3,7.1,,1.0,0.0,,1.0,0.0,0.0,0.0,0.0,0.0,0.0,315.0,,-0.2,1.8,2.5,0.82,0.82,0.82,0.82,0.1,0.0,0.0,Dry weather,Dry weather,Dry,The sensor has a fault
2122.0,-1.7,,73.0,,,,,-1.8,6.9,,,,,,0.0,,0.0,,0.0,,,,-1.5,4.3,,0.82,0.82,,,,,,,,,
2124.0,-0.4,3.4,87.0,0.0,0.0,7.0,0.0,-1.4,6.6,,1.0,2.0,,,0.0,,0.0,,0.0,,380.0,107.0,-0.3,2.0,2.2,0.82,0.82,,,0.0,0.0,0.0,Dry weather,Dry weather,Dry,Moist
2126.0,-1.8,1.1,73.0,0.0,0.0,7.0,0.0,-3.8,7.1,,1.0,1.0,,,,0.0,,0.0,,0.0,440.0,482.0,-1.6,4.3,5.0,,,0.82,0.82,0.0,0.0,0.0,Dry weather,Dry weather,Dry,Dry
2131.0,-0.8,1.7,80.0,0.0,0.0,7.0,,-4.9,5.2,,,,,,,,,,,,,,-0.7,3.0,,,,,,0.0,,0.0,Dry weather,Dry weather,,
2142.0,-0.7,3.6,82.0,,,,0.0,-1.0,6.9,,1.0,1.0,1.0,1.0,,,,,,,401.0,120.0,-0.6,2.7,2.9,,,,,,0.0,,,,Dry,Dry
3001.0,1.6,1.6,100.0,0.0,3.2,7.0,-0.4,-6.8,3.0,,8.0,8.0,4.0,8.0,0.22,0.09,0.0,0.0,0.0,0.0,112.0,110.0,1.6,0.1,0.0,0.74,0.74,0.8,0.8,3.2,0.01,10.0,Dry weather,Dry weather,Probably moist and salty,Probably moist and salty
3002.0,1.4,0.8,98.0,0.0,3.7,7.0,-0.3,-6.3,3.1,,8.0,8.0,4.0,8.0,0.23,0.13,0.0,0.0,0.0,0.0,112.0,109.0,1.4,0.3,0.1,0.73,0.73,0.78,0.78,3.7,0.02,21.0,Dry weather,Dry weather,Probably moist and salty,Probably moist and salty
3003.0,0.7,1.5,96.0,0.0,4.4,7.0,-0.1,-6.7,5.7,,2.0,8.0,,,,,,,,,112.0,112.0,0.7,0.6,0.6,,,,,4.4,0.0,10.0,Dry weather,Dry weather,Moist,Probably moist and salty
3004.0,0.4,2.7,95.0,0.0,0.9,7.0,-0.4,-7.0,5.9,,4.0,8.0,,,0.18,0.14,0.0,0.0,0.0,0.0,112.0,110.0,0.4,0.7,1.1,0.76,0.76,0.78,0.78,0.9,0.08,10.0,Dry weather,Dry weather,Wet and salty,Probably moist and salty
3005.0,0.5,,98.0,0.0,1.4,7.0,-0.1,-7.8,6.1,,8.0,,,,0.29,,0.0,,0.0,,112.0,,0.5,0.4,0.0,0.71,0.71,,,1.4,0.01,23.0,Dry weather,Dry weather,Probably moist and salty,
3006.0,1.6,1.4,100.0,0.0,2.5,7.0,-2.8,-5.4,2.9,,8.0,8.0,8.0,8.0,0.22,0.17,0.0,0.0,0.0,0.0,110.0,110.0,1.6,0.1,-0.1,0.74,0.74,0.76,0.76,2.5,0.02,10.0,Dry weather,Dry weather,Probably moist and salty,Probably moist and salty
3007.0,1.7,3.0,99.0,0.0,1.2,7.0,-0.4,-7.3,3.5,,8.0,4.0,,,0.23,,0.0,,0.0,,107.0,109.0,1.7,0.1,-0.3,0.73,0.73,,,1.2,0.02,0.0,Dry weather,Dry weather,Probably moist and salty,Wet and salty
3011.0,1.0,2.6,100.0,0.0,2.0,7.0,-2.2,-7.0,5.4,,8.0,8.0,,,,0.3,,0.0,,0.0,115.0,110.0,1.1,-0.1,0.2,,,0.71,0.71,2.0,0.0,10.0,Dry weather,Dry weather,Probably moist and salty,Probably moist and salty
3012.0,1.6,1.7,100.0,1.0,3.5,9.0,-0.1,-7.0,5.8,,8.0,,,,0.33,,0.0,,0.0,,112.0,,1.6,0.0,0.0,0.7,0.7,,,3.5,0.03,51.0,Weak,Drizzle,Probably moist and salty,
3014.0,1.6,4.0,98.0,0.0,1.8,7.0,-0.6,-0.4,3.0,,8.0,8.0,8.0,4.0,0.21,0.12,0.0,0.0,0.0,0.0,112.0,112.0,1.6,0.4,0.0,0.74,0.74,0.79,0.79,1.8,0.01,0.0,Dry weather,Dry weather,Probably moist and salty,Probably moist and salty
3022.0,1.0,2.2,100.0,0.0,1.3,7.0,-0.5,-9.6,5.5,,8.0,0.0,,,,0.1,,0.0,,0.0,112.0,,1.1,-0.1,-0.6,,,0.8,0.8,1.3,0.02,10.0,Dry weather,Dry weather,Probably moist and salty,The sensor has a fault
3031.0,1.5,2.1,100.0,0.0,2.5,7.0,,-5.0,4.9,,,,,,,,,,,,,,1.6,-0.1,,,,,,2.5,,10.0,Dry weather,Dry weather,,
3032.0,0.7,1.1,96.0,0.0,1.0,7.0,-0.1,-8.8,5.3,,4.0,4.0,,,,,,,,,112.0,109.0,0.7,0.7,0.6,,,,,1.0,0.04,10.0,Dry weather,Dry weather,Wet and salty,Wet and salty
3034.0,1.3,0.9,97.0,0.0,3.7,7.0,-0.2,-6.2,3.6,,4.0,4.0,,,0.18,,0.01,,0.02,,112.0,112.0,1.3,0.4,-0.7,0.76,0.76,,,3.7,0.06,10.0,Dry weather,Dry weather,Wet and salty,Wet and salty
3036.0,1.4,1.6,100.0,0.0,3.0,7.0,-0.2,-3.4,5.1,,4.0,8.0,4.0,4.0,0.08,0.16,0.02,0.0,0.02,0.0,107.0,112.0,1.7,-0.3,-0.1,0.81,0.81,0.77,0.77,3.0,0.08,10.0,Dry weather,Dry weather,Wet and salty,Probably moist and salty
3043.0,1.5,1.8,99.0,0.0,0.1,7.0,-0.4,1.3,2.1,,8.0,8.0,,,,0.14,,0.0,,0.0,112.0,112.0,1.5,0.2,0.3,,,0.78,0.78,0.1,0.0,21.0,Dry weather,Dry weather,Probably moist and salty,Probably moist and salty
3049.0,0.9,0.3,100.0,0.0,1.2,7.0,-3.6,-4.6,5.1,,8.0,8.0,,,0.12,,0.0,,0.0,,110.0,107.0,1.2,-0.3,-0.9,0.79,0.79,,,1.2,0.02,10.0,Dry weather,Dry weather,Probably moist and salty,Probably moist and salty
3051.0,1.3,1.9,98.0,0.0,1.4,7.0,-4.5,-6.6,3.2,,8.0,8.0,8.0,8.0,0.22,0.14,0.0,0.0,0.0,0.0,112.0,112.0,1.3,0.4,0.2,0.74,0.74,0.78,0.78,1.4,0.0,0.0,Dry weather,Dry weather,Probably moist and salty,Probably moist and salty
3056.0,1.5,0.8,99.0,1.0,2.9,7.0,-0.1,-6.8,3.9,,4.0,0.0,4.0,2.0,0.31,0.21,0.0,0.0,0.0,0.0,107.0,,1.5,0.2,-0.4,0.71,0.71,0.74,0.74,2.9,0.03,81.0,Weak,Dry weather,Wet and salty,The sensor has a fault
3064.0,1.6,1.3,100.0,0.0,4.3,7.0,-0.1,-8.0,4.3,,4.0,4.0,4.0,4.0,0.19,0.2,0.0,0.0,0.0,0.0,110.0,110.0,1.8,-0.1,-0.5,0.75,0.75,0.75,0.75,4.3,0.07,21.0,Dry weather,Dry weather,Wet and salty,Wet and salty
3072.0,1.6,0.6,98.0,0.0,8.0,7.0,,,,,3.0,,3.0,,3.33,3.33,0.0,0.0,0.22,0.22,,,,,,0.26,0.26,0.26,0.26,,3.55,23.0,Dry weather,Dry weather,Wet,
3074.0,1.4,1.6,98.0,0.0,4.1,7.0,-0.1,-7.9,3.5,,2.0,0.0,0.0,0.0,0.17,0.22,0.0,0.0,0.0,0.0,112.0,,1.4,0.4,0.4,0.76,0.76,0.74,0.74,4.1,0.0,10.0,Dry weather,Dry weather,Moist,The sensor has a fault
3075.0,1.5,2.1,99.0,0.0,3.9,7.0,,-5.5,3.7,,0.0,0.0,0.0,0.0,0.21,0.26,0.0,0.0,0.0,0.0,,,1.5,0.2,,0.74,0.74,0.72,0.72,3.9,,10.0,Dry weather,Dry weather,The sensor has a fault,The sensor has a fault
3089.0,1.6,0.9,100.0,0.0,1.4,7.0,-0.2,-8.2,6.5,,8.0,4.0,,,0.2,,0.0,,0.0,,112.0,112.0,1.8,-0.1,-0.6,0.75,0.75,,,1.4,0.02,10.0,Dry weather,Dry weather,Probably moist and salty,Wet and salty
3091.0,1.2,1.4,100.0,1.0,1.8,9.0,-13.3,-3.3,5.0,,8.0,8.0,,,0.26,,0.0,,0.0,,112.0,115.0,1.3,-0.1,0.2,0.72,0.72,,,1.8,0.02,81.0,Weak,Drizzle,Probably moist and salty,Probably moist and salty
4001.0,0.8,2.4,99.0,0.0,0.2,7.0,-0.2,-7.6,5.3,,1.0,2.0,,,0.0,,0.0,,0.0,,425.0,110.0,0.8,0.1,0.9,0.82,0.82,,,0.2,0.0,10.0,Dry weather,Dry weather,Dry,Moist
4002.0,0.2,1.5,96.0,0.0,0.0,7.0,,-7.1,5.2,,0.0,0.0,,,0.0,,0.0,,0.0,,,,0.2,0.6,,0.82,0.82,,,0.0,,10.0,Dry weather,Dry weather,The sensor has a fault,The sensor has a fault
4003.0,-1.4,3.5,76.0,0.0,0.0,7.0,0.0,-3.6,7.0,,1.0,1.0,,,0.0,,0.0,,0.0,,460.0,482.0,-1.2,3.7,4.6,0.82,0.82,,,0.0,0.0,0.0,Dry weather,Dry weather,Dry,Dry
4004.0,-0.2,1.3,92.0,0.0,0.0,7.0,0.0,-3.2,6.6,,1.0,0.0,,,0.0,,0.0,,0.0,,432.0,,-0.2,1.2,2.8,0.82,0.82,,,0.0,0.0,0.0,Dry weather,Dry weather,Dry,The sensor has a fault
4005.0,-2.0,1.5,73.0,0.0,0.1,7.0,0.0,-4.1,6.4,,1.0,1.0,,,,0.0,,0.0,,0.0,410.0,405.0,-1.8,4.2,4.3,,,0.82,0.82,0.1,0.0,0.0,Dry weather,Dry weather,Dry,Dry
4006.0,-1.6,2.9,75.0,0.0,0.0,7.0,0.0,-4.2,7.4,,1.0,1.0,,,0.0,,0.0,,0.0,,425.0,407.0,-1.4,3.9,4.8,0.82,0.82,,,0.0,0.0,0.0,Dry weather,Dry weather,Dry,Dry
4007.0,-0.5,1.9,83.0,0.0,0.0,7.0,0.0,-4.7,7.8,,1.0,1.0,,,,,,,,,302.0,422.0,-0.5,2.5,3.9,,,,,0.0,0.0,0.0,Dry weather,Dry weather,Dry,Dry
4008.0,-0.1,1.4,89.0,0.0,0.0,7.0,-0.2,-4.1,7.2,,8.0,,,,0.0,,0.0,,0.0,,112.0,,-0.1,1.6,3.1,0.82,0.82,,,0.0,0.0,0.0,Dry weather,Dry weather,Probably moist and salty,
4009.0,1.1,2.1,100.0,0.0,0.0,7.0,0.0,-4.4,6.7,,1.0,1.0,,,0.0,,0.0,,0.0,,420.0,435.0,1.1,0.0,1.5,0.82,0.82,,,0.0,0.0,0.0,Dry weather,Dry weather,Dry,Dry
4010.0,0.3,3.6,97.0,0.0,0.0,7.0,0.0,-2.6,5.7,,1.0,1.0,,,,0.0,,0.0,,0.0,375.0,375.0,0.3,0.5,1.8,,,0.82,0.82,0.0,0.0,10.0,Dry weather,Dry weather,Dry,Dry
4011.0,-0.4,0.7,92.0,0.0,0.0,7.0,0.0,-4.1,7.7,,1.0,1.0,,,0.01,,0.0,,0.0,,115.0,412.0,-0.3,1.2,0.6,0.82,0.82,,,0.0,0.0,10.0,Dry weather,Dry weather,Dry,Dry
4012.0,0.0,1.3,91.0,0.0,0.0,7.0,0.0,-3.7,7.3,,1.0,1.0,,,0.0,,0.0,,0.0,,110.0,157.0,0.0,1.3,1.5,0.82,0.82,,,0.0,0.0,0.0,Dry weather,Dry weather,Dry,Dry
4013.0,-0.8,1.3,89.0,0.0,0.0,7.0,0.0,-5.5,6.7,,1.0,1.0,,,,0.0,,0.0,,0.0,387.0,405.0,-0.7,1.6,2.3,,,0.82,0.82,0.0,0.0,0.0,Dry weather,Dry weather,Dry,Dry
4015.0,-1.7,1.9,79.0,0.0,0.0,7.0,0.0,-7.7,6.4,,1.0,,,,0.0,,0.0,,0.0,,401.0,,-1.5,3.0,3.1,0.82,0.82,,,0.0,0.0,0.0,Dry weather,Dry weather,Dry,
4016.0,-1.2,3.8,80.0,0.0,0.0,7.0,0.0,-5.6,5.5,,2.0,2.0,,,,,,,,,112.0,115.0,-1.1,3.1,2.4,,,,,0.0,0.0,0.0,Dry weather,Dry weather,Moist,Moist
4017.0,-1.0,1.4,81.0,0.0,0.0,7.0,0.0,-3.5,6.5,,1.0,1.0,,,0.0,0.0,0.0,0.0,0.0,0.0,400.0,415.0,-0.9,2.8,3.8,0.82,0.82,0.82,0.82,0.0,0.0,0.0,Dry weather,Dry weather,Dry,Dry
4020.0,-1.2,1.5,77.0,0.0,0.0,7.0,0.0,-2.8,6.9,,1.0,1.0,,,0.0,0.0,0.0,0.0,0.0,0.0,407.0,355.0,-1.1,3.6,4.6,0.82,0.82,0.82,0.82,0.0,0.0,0.0,Dry weather,Dry weather,Dry,Dry
4021.0,-1.1,1.1,79.0,0.0,0.0,7.0,0.0,-3.9,7.1,,1.0,1.0,,,0.0,,0.0,,0.0,,445.0,400.0,-1.0,3.2,4.9,0.82,0.82,,,0.0,0.0,0.0,Dry weather,Dry weather,Dry,Dry
4022.0,0.0,1.4,95.0,0.0,0.0,7.0,0.0,-3.2,5.6,,2.0,,,,0.0,,0.0,,0.0,,107.0,,0.0,0.8,2.3,0.82,0.82,,,0.0,0.0,0.0,Dry weather,Dry weather,Moist,
4023.0,-1.2,2.8,84.0,0.0,0.0,7.0,0.0,-8.4,6.9,,1.0,1.0,,,,,,,,,109.0,414.0,-1.0,2.3,2.4,,,,,0.0,0.0,0.0,Dry weather,Dry weather,Dry,Dry
4024.0,-2.0,3.0,74.0,0.0,0.0,7.0,0.0,-3.1,6.7,,1.0,1.0,,,,0.0,,0.0,,0.0,420.0,430.0,-1.7,4.0,4.8,,,0.82,0.82,0.0,0.0,0.0,Dry weather,Dry weather,Dry,Dry
4027.0,-0.9,3.4,78.0,0.0,0.3,7.0,0.0,-3.1,7.3,,1.0,1.0,,,0.0,,0.0,,0.0,,422.0,487.0,-0.8,3.4,4.5,0.82,0.82,,,0.3,0.0,10.0,Dry weather,Dry weather,Dry,Dry
4028.0,-0.6,3.6,83.0,0.0,0.1,7.0,,-4.2,7.7,,0.0,0.0,,,,0.0,,0.0,,0.0,,,-0.6,2.5,,,,0.82,0.82,0.1,,0.0,Dry weather,Dry weather,The sensor has a fault,The sensor has a fault
4029.0,-1.8,2.2,72.0,0.0,0.0,7.0,,-2.3,7.4,,0.0,1.0,,,,,,,,,,425.0,-1.6,4.4,,,,,,0.0,,0.0,Dry weather,Dry weather,The sensor has a fault,Dry
4030.0,-1.2,1.1,84.0,0.0,0.0,7.0,0.0,-5.7,6.7,,1.0,1.0,,,0.0,,0.0,,0.0,,407.0,402.0,-1.0,2.4,2.8,0.82,0.82,,,0.0,0.0,0.0,Dry weather,Dry weather,Dry,Dry
4031.0,-0.7,1.5,88.0,0.0,0.1,7.0,,-8.1,6.5,,0.0,0.0,,,0.0,,0.0,,0.0,,,,-0.6,1.8,,0.82,0.82,,,0.1,,0.0,Dry weather,Dry weather,The sensor has a fault,The sensor has a fault
4032.0,-1.1,1.7,85.0,0.0,0.0,7.0,,-5.4,6.6,,0.0,0.0,,,,0.0,,0.0,,0.0,,,-1.0,2.1,,,,0.82,0.82,0.0,,0.0,Dry weather,Dry weather,The sensor has a fault,The sensor has a fault
4064.0,-1.5,2.8,73.0,0.0,0.1,7.0,,-4.5,7.5,,0.0,1.0,,,0.0,0.0,0.0,0.0,0.0,0.0,,452.0,-1.3,4.3,,0.82,0.82,0.82,0.82,0.1,,0.0,Dry weather,Dry weather,The sensor has a fault,Dry
4066.0,0.8,4.0,100.0,0.0,0.1,7.0,,-5.0,5.9,,0.0,0.0,,,0.04,,0.0,,0.0,,,,1.4,-0.6,,0.82,0.82,,,0.1,,10.0,Dry weather,Dry weather,The sensor has a fault,The sensor has a fault
4069.0,-0.2,0.9,92.0,0.0,0.0,7.0,,-5.4,7.0,,0.0,,,,0.0,,0.0,,0.0,,,,-0.2,1.2,,0.82,0.82,,,0.0,,0.0,Dry weather,Dry weather,The sensor has a fault,
4072.0,0.6,2.6,98.0,0.0,0.5,7.0,-0.4,-6.4,5.6,,1.0,2.0,,,0.0,0.0,0.0,0.0,0.0,0.0,110.0,112.0,0.6,0.3,1.4,0.82,0.82,0.82,0.82,0.5,0.0,10.0,Dry weather,Dry weather,Dry,Moist
4076.0,0.1,2.6,91.0,0.0,0.0,7.0,0.0,-3.6,6.2,,1.0,,,,0.0,0.0,0.0,0.0,0.0,0.0,112.0,,0.1,1.3,2.3,0.82,0.82,0.82,0.82,0.0,0.0,0.0,Dry weather,Dry weather,Dry,
4080.0,0.4,1.8,99.0,0.0,0.0,7.0,0.0,-6.7,5.2,,1.0,,,,,0.02,,0.0,,0.0,336.0,,0.4,0.3,1.4,,,0.82,0.82,0.0,0.0,10.0,Dry weather,Dry weather,Dry,
4084.0,1.0,1.6,100.0,0.0,1.1,7.0,-0.2,-5.2,5.5,,4.0,,,,,,,,,,112.0,,1.0,0.0,0.2,,,,,1.1,0.05,10.0,Dry weather,Dry weather,Wet and salty,
4085.0,-1.4,2.4,80.0,0.0,0.0,7.0,0.0,-8.9,6.2,,1.0,1.0,,,,,,,,,109.0,339.0,-1.3,3.0,3.3,,,,,0.0,0.0,0.0,Dry weather,Dry weather,Dry,Dry
5001.0,1.4,2.5,100.0,0.0,1.1,7.0,-3.9,-6.6,4.8,,8.0,8.0,,,0.11,,0.0,,0.0,,112.0,112.0,1.5,-0.1,0.2,0.79,0.79,,,1.1,0.01,10.0,Dry weather,Dry weather,Probably moist and salty,Probably moist and salty
5004.0,1.7,1.3,100.0,0.0,2.3,7.0,,-8.0,5.9,,0.0,0.0,4.0,4.0,0.05,0.31,0.06,0.0,0.03,0.0,,,1.8,-0.1,,0.8,0.8,0.7,0.7,2.3,,21.0,Dry weather,Dry weather,The sensor has a fault,The sensor has a fault
5005.0,1.7,1.7,98.0,0.0,2.1,7.0,-0.1,-8.9,5.4,,2.0,2.0,,,0.27,,0.0,,0.0,,107.0,112.0,1.7,0.3,0.0,0.72,0.72,,,2.1,0.0,23.0,Dry weather,Dry weather,Moist,Moist
5006.0,0.9,1.4,99.0,0.0,1.7,7.0,-0.3,-8.8,4.6,,8.0,,,,0.15,,0.0,,0.0,,112.0,,0.9,0.2,-0.6,0.77,0.77,,,1.7,0.02,10.0,Dry weather,Dry weather,Probably moist and salty,
5007.0,1.4,1.9,100.0,1.0,3.3,10.0,-0.3,-4.0,5.1,,8.0,4.0,2.0,4.0,0.3,0.42,0.0,0.0,0.0,0.0,112.0,112.0,1.5,-0.2,0.0,0.71,0.71,0.68,0.68,3.3,0.02,81.0,Weak,Rain,Probably moist and salty,Wet and salty
5008.0,1.5,1.5,100.0,0.0,1.9,7.0,-0.8,-6.5,5.8,,4.0,8.0,0.0,0.0,0.15,0.14,0.01,0.0,0.03,0.0,110.0,112.0,1.5,0.1,0.4,0.78,0.78,0.78,0.78,1.9,0.05,21.0,Dry weather,Dry weather,Wet and salty,Probably moist and salty
5009.0,0.8,0.8,99.0,0.0,0.5,7.0,-0.8,-7.0,4.9,,8.0,8.0,,,0.1,,0.0,,0.0,,110.0,110.0,0.8,0.1,-0.3,0.8,0.8,,,0.5,0.02,10.0,Dry weather,Dry weather,Probably moist and salty,Probably moist and salty
5011.0,1.6,1.0,99.0,0.0,2.5,7.0,-0.1,-6.1,2.9,,2.0,2.0,,,,,,,,,112.0,112.0,1.6,0.2,0.0,,,,,2.5,0.0,10.0,Dry weather,Dry weather,Moist,Moist
5012.0,1.5,1.0,100.0,0.0,3.1,7.0,-0.1,-7.9,3.8,,4.0,,,,0.18,,0.0,,0.0,,110.0,,1.5,0.0,-1.4,0.76,0.76,,,3.1,0.08,10.0,Dry weather,Dry weather,Wet and salty,
5013.0,1.3,1.4,99.0,0.0,3.4,7.0,-0.2,-6.7,4.6,,8.0,1.0,,,0.23,,0.0,,0.0,,112.0,669.0,1.3,0.2,-0.2,0.73,0.73,,,3.4,0.02,10.0,Dry weather,Dry weather,Probably moist and salty,Dry
5014.0,1.7,1.0,100.0,0.0,3.0,7.0,0.0,-5.7,4.1,,4.0,4.0,,,,,,,,,112.0,115.0,1.7,0.1,-1.6,,,,,3.0,0.07,10.0,Dry weather,Dry weather,Wet and salty,Wet and salty
5015.0,1.4,2.3,100.0,1.0,1.5,7.0,-0.2,-5.1,5.4,,8.0,8.0,,,0.25,,0.0,,0.0,,115.0,112.0,1.4,-0.1,0.2,0.73,0.73,,,1.5,0.0,81.0,Weak,Dry weather,Probably moist and salty,Probably moist and salty
5016.0,0.7,0.0,98.0,0.0,1.4,7.0,,,,,,,,,,,,,,,,,,,,,,,,,,10.0,Dry weather,Dry weather,,
5019.0,0.7,0.0,98.0,0.0,1.4,7.0,,,,,2.0,,,,0.01,,0.0,,0.0,,,,,,,0.79,0.79,,,,0.01,10.0,Dry weather,Dry weather,Moist,
5027.0,1.4,2.0,98.0,0.0,4.7,7.0,0.0,-4.7,3.8,,1.0,2.0,1.0,2.0,0.25,0.24,0.0,0.0,0.0,0.0,112.0,107.0,1.4,0.4,0.2,0.72,0.72,0.73,0.73,4.7,0.0,10.0,Dry weather,Dry weather,Dry,Moist
6001.0,0.7,2.1,100.0,0.0,0.7,7.0,-0.8,-7.2,5.4,,8.0,0.0,,,,0.04,,0.0,,0.0,112.0,,0.8,-0.1,0.6,,,0.82,0.82,0.7,0.0,10.0,Dry weather,Dry weather,Probably moist and salty,The sensor has a fault
6002.0,0.7,3.1,100.0,0.0,1.2,7.0,-0.7,-4.2,5.4,,8.0,,,,,0.14,,0.0,,0.0,112.0,,0.7,0.1,0.6,,,0.78,0.78,1.2,0.0,10.0,Dry weather,Dry weather,Probably moist and salty,
6003.0,0.7,2.9,99.0,0.0,1.6,7.0,-0.1,-7.7,5.2,,8.0,8.0,,,0.11,0.14,0.0,0.0,0.0,0.0,112.0,112.0,0.7,0.2,0.3,0.79,0.79,0.78,0.78,1.6,0.01,10.0,Dry weather,Dry weather,Probably moist and salty,Probably moist and salty
6004.0,0.8,3.0,100.0,0.0,0.1,7.0,-0.9,-5.1,5.9,,8.0,8.0,,,0.02,,0.0,,0.0,,112.0,110.0,1.6,-0.8,0.6,0.82,0.82,,,0.1,0.0,10.0,Dry weather,Dry weather,Probably moist and salty,Probably moist and salty
6005.0,0.6,2.7,97.0,0.0,0.9,7.0,-0.4,-10.1,5.8,,8.0,8.0,,,,0.17,,0.0,,0.0,112.0,110.0,0.6,0.4,0.2,,,0.76,0.76,0.9,0.0,10.0,Dry weather,Dry weather,Probably moist and salty,Probably moist and salty
6006.0,0.8,1.5,100.0,0.0,2.3,7.0,-1.4,-5.9,5.9,,4.0,8.0,,,0.52,,0.0,,0.0,,109.0,115.0,0.8,0.0,-0.9,0.67,0.67,,,2.3,0.06,10.0,Dry weather,Dry weather,Wet and salty,Probably moist and salty
6007.0,0.4,0.9,98.0,0.0,1.4,7.0,-0.8,-6.4,4.0,,8.0,,,,,,,,,,109.0,,0.4,0.3,-0.4,,,,,1.4,0.03,10.0,Dry weather,Dry weather,Probably moist and salty,
6008.0,0.4,1.1,96.0,0.0,0.4,7.0,-0.9,-7.0,6.6,,4.0,4.0,,,,,,,,,107.0,112.0,0.4,0.7,-0.9,,,,,0.4,0.04,10.0,Dry weather,Dry weather,Wet and salty,Wet and salty
6009.0,0.4,1.0,95.0,0.0,0.4,7.0,-0.4,-9.8,5.6,,8.0,8.0,,,,,,,,,115.0,109.0,0.4,0.7,-0.1,,,,,0.4,0.02,10.0,Dry weather,Dry weather,Probably moist and salty,Probably moist and salty
6010.0,-0.1,0.7,92.0,0.0,1.4,7.0,-0.8,-8.1,5.4,,8.0,,,,,,,,,,109.0,,-0.1,1.2,0.2,,,,,1.4,0.0,10.0,Dry weather,Dry weather,Probably moist and salty,
6011.0,0.8,1.5,97.0,0.0,2.4,7.0,0.0,-9.1,6.1,,2.0,,,,,,,,,,112.0,,0.8,0.5,0.3,,,,,2.4,0.0,10.0,Dry weather,Dry weather,Moist,
6016.0,-0.2,1.3,90.0,0.0,0.9,7.0,-0.6,-10.1,6.2,,8.0,8.0,,,,,,,,,112.0,112.0,-0.2,1.4,1.3,,,,,0.9,0.0,23.0,Dry weather,Dry weather,Probably moist and salty,Probably moist and salty
6021.0,0.3,2.2,100.0,0.0,0.1,7.0,-1.0,-4.9,5.4,,8.0,8.0,,,0.06,,0.0,,0.0,,112.0,112.0,0.3,0.1,0.5,0.81,0.81,,,0.1,0.0,10.0,Dry weather,Dry weather,Probably moist and salty,Probably moist and salty
6023.0,0.5,1.4,95.0,0.0,1.0,7.0,-2.4,-6.4,6.3,,4.0,8.0,,,0.46,0.12,0.0,0.0,0.0,0.0,112.0,112.0,0.5,0.7,0.9,0.68,0.68,0.77,0.77,1.0,0.04,23.0,Dry weather,Dry weather,Wet and salty,Probably moist and salty
6028.0,0.6,6.7,98.0,0.0,1.3,7.0,,-3.9,5.5,,,,,,0.35,0.29,0.0,0.0,0.0,0.0,,,0.6,0.4,,0.69,0.69,0.71,0.71,1.3,,21.0,Dry weather,Dry weather,,
7001.0,0.8,3.1,97.0,4.0,1.3,12.0,-1.4,-10.6,6.3,,4.0,4.0,,,0.31,,0.0,,0.01,,112.0,110.0,0.8,0.5,-0.1,0.7,0.7,,,1.3,0.1,85.0,Light snow/sleet,Wet sleet,Wet and salty,Wet and salty
7002.0,1.6,1.1,98.0,0.0,0.2,7.0,-0.1,-9.4,6.4,,4.0,4.0,,,0.33,,0.0,,0.0,,112.0,112.0,1.6,0.3,-1.0,0.7,0.7,,,0.2,0.04,23.0,Dry weather,Dry weather,Wet and salty,Wet and salty
7003.0,0.6,0.8,97.0,0.0,0.7,7.0,-0.4,-9.4,5.6,,4.0,8.0,,,0.44,,0.04,,0.12,,109.0,112.0,0.6,0.5,-1.4,0.68,0.68,,,0.7,0.07,23.0,Dry weather,Dry weather,Wet and salty,Probably moist and salty
7004.0,0.6,3.9,97.0,4.0,0.6,7.0,-0.2,-3.4,6.3,,4.0,4.0,,,,,,,,,115.0,112.0,0.6,0.5,-0.6,,,,,0.6,0.04,67.0,Light snow/sleet,Dry weather,Wet and salty,Wet and salty
7005.0,1.4,1.5,98.0,1.0,1.7,7.0,-0.3,-10.4,5.9,,4.0,,,,0.22,,0.0,,0.0,,110.0,,1.4,0.3,-0.2,0.74,0.74,,,1.7,0.04,51.0,Weak,Dry weather,Wet and salty,
7006.0,0.0,1.4,96.0,1.0,0.8,10.0,-1.8,-9.6,5.4,,4.0,4.0,,,,,,,,,112.0,109.0,0.0,0.7,-0.1,,,,,0.8,0.04,61.0,Weak,Rain,Wet and salty,Wet and salty
7007.0,0.0,2.0,94.0,4.0,0.1,12.0,-0.3,-11.1,6.8,,8.0,8.0,,,,,,,,,109.0,109.0,0.0,1.0,-1.6,,,,,0.1,0.03,71.0,Light snow/sleet,Wet sleet,Probably moist and salty,Probably moist and salty
7008.0,0.4,1.1,100.0,4.0,1.3,10.0,-0.6,-8.1,5.9,,4.0,6.0,,,,,,,,,109.0,112.0,0.4,0.1,-0.7,,,,,1.3,0.17,67.0,Light snow/sleet,Rain,Wet and salty,Snow
7009.0,0.6,1.2,99.0,4.0,1.8,10.0,-0.8,-8.7,5.0,,4.0,4.0,,,,0.48,,0.01,,0.04,112.0,115.0,0.6,0.3,-1.1,,,0.67,0.67,1.8,0.12,85.0,Light snow/sleet,Rain,Wet and salty,Wet and salty
7011.0,1.6,0.9,97.0,1.0,3.3,10.0,0.0,-10.0,6.1,,4.0,3.0,,,,,,,,,109.0,109.0,1.6,0.4,-1.7,,,,,3.3,0.12,61.0,Weak,Rain,Wet and salty,Wet
7012.0,1.0,2.1,97.0,1.0,0.8,10.0,-0.7,-9.0,6.2,,4.0,4.0,,,0.45,,0.01,,0.03,,109.0,109.0,1.0,0.4,-0.7,0.68,0.68,,,0.8,0.05,81.0,Weak,Rain,Wet and salty,Wet and salty
7014.0,1.3,1.0,98.0,1.0,1.8,10.0,-0.3,-10.8,6.4,,4.0,4.0,,,,0.18,,0.0,,0.0,112.0,112.0,1.3,0.3,-0.5,,,0.76,0.76,1.8,0.51,61.0,Weak,Rain,Wet and salty,Wet and salty
7015.0,-1.5,1.7,84.0,4.0,2.0,11.0,-0.4,-9.7,7.0,,4.0,,,,0.69,,0.0,,0.01,,109.0,,-1.3,2.3,1.1,0.65,0.65,,,2.0,0.26,67.0,Light snow/sleet,Snowfall,Wet and salty,
7016.0,0.6,1.0,97.0,1.0,0.7,10.0,,-6.8,6.3,,0.0,,,,,,,,,,,,0.6,0.5,,,,,,0.7,,61.0,Weak,Rain,The sensor has a fault,
7017.0,0.7,1.0,98.0,0.0,1.4,7.0,-0.8,-8.1,5.6,,8.0,4.0,,,,,,,,,112.0,112.0,0.7,0.4,-1.2,,,,,1.4,0.03,23.0,Dry weather,Dry weather,Probably moist and salty,Wet and salty
7018.0,0.9,1.5,97.0,4.0,1.2,12.0,-0.4,-8.5,6.6,,4.0,4.0,,,0.43,2.38,0.0,0.0,0.0,0.0,112.0,107.0,0.9,0.5,-0.7,0.68,0.68,0.39,0.39,1.2,0.14,85.0,Light snow/sleet,Wet sleet,Wet and salty,Wet and salty
7019.0,-0.3,2.9,99.0,4.0,0.5,10.0,-0.1,-6.8,5.2,,6.0,4.0,,,,,,,,,110.0,112.0,-0.2,0.2,-0.6,,,,,0.5,0.48,71.0,Light snow/sleet,Rain,Snow,Wet and salty
7024.0,0.2,2.8,95.0,4.0,0.7,11.0,0.0,-13.2,6.1,,6.0,,,,,,,,,,115.0,,0.2,0.8,-0.8,,,,,0.7,0.49,67.0,Light snow/sleet,Snowfall,Snow,
7025.0,0.3,1.2,96.0,1.0,1.3,10.0,,-6.9,6.5,,0.0,0.0,,,,,,,,,,,0.3,0.6,,,,,,1.3,,61.0,Weak,Rain,The sensor has a fault,The sensor has a fault
7026.0,1.1,1.7,96.0,4.0,2.4,12.0,,-9.9,5.7,,,,,,,,,,,,,,1.1,0.6,,,,,,2.4,,67.0,Light snow/sleet,Wet sleet,,
7032.0,0.1,1.4,96.0,4.0,1.0,12.0,-0.4,-13.8,6.1,,4.0,,,,,,,,,,112.0,,0.1,0.6,-0.6,,,,,1.0,0.1,67.0,Light snow/sleet,Wet sleet,Wet and salty,
7036.0,0.7,3.3,96.0,1.0,0.8,9.0,-10.5,-9.7,6.4,,4.0,,,,,,,,,,112.0,,0.7,0.6,-0.8,,,,,0.8,0.05,81.0,Weak,Drizzle,Wet and salty,
7037.0,1.9,0.8,100.0,1.0,1.7,7.0,-0.1,-9.8,5.5,,4.0,,,,0.32,,0.0,,0.0,,115.0,,2.1,-0.2,-1.0,0.7,0.7,,,1.7,0.06,51.0,Weak,Dry weather,Wet and salty,
7039.0,0.7,1.6,96.0,1.0,1.6,10.0,-0.5,-9.2,6.4,,4.0,4.0,,,0.48,,0.0,,0.0,,112.0,112.0,0.7,0.6,0.5,0.67,0.67,,,1.6,0.14,61.0,Weak,Rain,Wet and salty,Wet and salty
8001.0,0.8,3.7,95.0,0.0,1.3,7.0,-0.6,-8.2,5.5,,4.0,4.0,,,0.35,,0.0,,0.0,,110.0,110.0,0.8,0.7,-0.6,0.69,0.69,,,1.3,0.35,21.0,Dry weather,Dry weather,Wet and salty,Wet and salty
8002.0,0.9,1.4,100.0,0.0,1.5,7.0,-0.3,-9.1,6.4,,8.0,8.0,,,0.15,,0.0,,0.0,,110.0,112.0,0.9,-0.1,-0.3,0.77,0.77,,,1.5,0.01,10.0,Dry weather,Dry weather,Probably moist and salty,Probably moist and salty
8003.0,0.1,4.4,94.0,0.0,0.0,7.0,-0.7,-5.6,5.3,,4.0,4.0,,,0.05,,0.0,,0.0,,112.0,112.0,0.1,1.0,1.0,0.82,0.82,,,0.0,0.07,23.0,Dry weather,Dry weather,Wet and salty,Wet and salty
8004.0,-0.3,4.3,94.0,0.0,0.0,7.0,0.0,-2.4,5.2,,1.0,1.0,,,0.03,,0.0,,0.0,,105.0,110.0,-0.2,0.9,1.1,0.82,0.82,,,0.0,0.0,0.0,Dry weather,Dry weather,Dry,Dry
8005.0,0.6,3.8,98.0,0.0,0.7,7.0,-0.2,-7.6,5.5,,4.0,4.0,,,0.32,0.22,0.0,0.0,0.0,0.0,110.0,112.0,0.6,0.4,-0.2,0.7,0.7,0.74,0.74,0.7,0.23,21.0,Dry weather,Dry weather,Wet and salty,Wet and salty
8006.0,0.2,2.7,93.0,0.0,0.1,7.0,-0.4,-9.5,6.1,,4.0,8.0,,,0.19,,0.0,,0.0,,112.0,112.0,0.2,1.0,-0.4,0.75,0.75,,,0.1,0.04,0.0,Dry weather,Dry weather,Wet and salty,Probably moist and salty
8007.0,-0.2,2.4,95.0,1.0,0.0,10.0,-0.7,-3.8,5.9,,8.0,8.0,,,,,,,,,112.0,112.0,-0.2,0.7,-0.4,,,,,0.0,0.0,61.0,Weak,Rain,Probably moist and salty,Probably moist and salty
8008.0,0.2,2.2,98.0,0.0,0.6,7.0,-1.4,-4.5,4.9,,4.0,,,,0.26,0.3,0.0,0.0,0.0,0.0,115.0,,0.2,0.4,-0.1,0.72,0.72,0.71,0.71,0.6,0.03,21.0,Dry weather,Dry weather,Wet and salty,
8009.0,0.4,5.7,95.0,0.0,0.2,7.0,-0.2,-10.5,5.2,,4.0,,,,0.12,,0.0,,0.0,,107.0,,0.4,0.7,0.7,0.79,0.79,,,0.2,0.3,21.0,Dry weather,Dry weather,Wet and salty,
8010.0,-0.8,2.1,84.0,0.0,0.0,7.0,-0.3,-4.7,6.4,,8.0,8.0,,,,,,,,,109.0,109.0,-0.7,2.3,0.7,,,,,0.0,0.0,0.0,Dry weather,Dry weather,Probably moist and salty,Probably moist and salty
8011.0,0.2,2.4,96.0,0.0,0.6,7.0,-1.8,-8.4,5.5,,4.0,0.0,4.0,,0.06,,0.12,,0.11,,110.0,,0.2,0.6,0.8,0.46,0.46,,,0.6,0.19,21.0,Dry weather,Dry weather,Wet and salty,The sensor has a fault
8012.0,0.5,3.6,95.0,0.0,0.5,7.0,-0.4,-9.4,5.3,,4.0,8.0,4.0,,0.49,,0.0,,0.0,,112.0,110.0,0.5,0.7,0.7,0.67,0.67,,,0.5,0.32,23.0,Dry weather,Dry weather,Wet and salty,Probably moist and salty
8014.0,0.9,0.7,100.0,0.0,1.0,7.0,,-9.9,5.5,,0.0,0.0,,,0.18,,0.0,,0.0,,,,0.9,0.0,,0.76,0.76,,,1.0,,10.0,Dry weather,Dry weather,The sensor has a fault,The sensor has a fault
8017.0,-1.4,2.3,83.0,0.0,0.0,7.0,-0.2,-7.6,4.9,,8.0,0.0,,,,,,,,,112.0,,-1.2,2.5,0.7,,,,,0.0,0.0,0.0,Dry weather,Dry weather,Probably moist and salty,The sensor has a fault
8018.0,0.0,3.5,94.0,1.0,0.0,9.0,0.0,-10.9,5.6,,2.0,,,,,,,,,,112.0,,0.0,1.0,0.3,,,,,0.0,0.0,61.0,Weak,Drizzle,Moist,
8019.0,-0.3,3.1,92.0,0.0,0.0,7.0,-0.2,-10.4,5.8,,8.0,,,,,,,,,,112.0,,-0.3,1.1,0.9,,,,,0.0,0.0,0.0,Dry weather,Dry weather,Probably moist and salty,
8020.0,0.6,2.2,96.0,0.0,1.0,7.0,-0.2,-6.9,5.5,,4.0,0.0,,,0.19,0.16,0.0,0.0,0.0,0.0,112.0,,0.6,0.6,0.0,0.75,0.75,0.77,0.77,1.0,0.05,10.0,Dry weather,Dry weather,Wet and salty,The sensor has a fault
8023.0,0.8,3.1,95.0,0.0,0.5,7.0,-0.3,-8.9,5.9,,8.0,4.0,,,,0.11,,0.0,,0.0,112.0,110.0,0.8,0.7,0.3,,,0.79,0.79,0.5,0.02,0.0,Dry weather,Dry weather,Probably moist and salty,Wet and salty
8038.0,0.6,,98.0,,,,,-5.6,5.5,,,,,,0.23,0.2,0.0,0.0,0.0,0.0,,,0.6,0.4,,0.73,0.73,0.75,0.75,,,,,,,
8042.0,0.6,,97.0,,,,,-4.0,5.4,,,,,,0.18,0.22,0.0,0.0,0.0,0.0,,,0.6,0.5,,0.76,0.76,0.74,0.74,,,,,,,
8064.0,-0.4,1.9,93.0,1.0,1.6,10.0,,-8.5,5.9,,0.0,0.0,,,0.36,,0.0,,0.0,,,,-0.4,0.9,,0.69,0.69,,,1.6,,61.0,Weak,Rain,The sensor has a fault,The sensor has a fault
8066.0,0.6,4.4,98.0,0.0,0.1,7.0,-0.4,-6.0,5.1,,4.0,4.0,,,0.46,0.28,0.0,0.0,0.0,0.0,115.0,107.0,0.6,0.3,0.4,0.68,0.68,0.71,0.71,0.1,0.1,0.0,Dry weather,Dry weather,Wet and salty,Wet and salty
8071.0,0.5,,97.0,,,,,-5.6,5.5,,,,,,0.46,0.32,0.0,0.0,0.0,0.0,,,0.5,0.4,,0.67,0.67,0.7,0.7,,,,,,,
8073.0,0.5,,97.0,,,,,-4.0,5.3,,,,,,0.33,0.33,0.0,0.0,0.0,0.0,,,0.5,0.5,,0.7,0.7,0.7,0.7,,,,,,,
8079.0,-0.1,8.6,93.0,0.0,0.4,7.0,,-4.1,5.2,,,,,,0.02,0.17,0.02,0.0,0.05,0.0,,,-0.1,1.1,,0.71,0.71,0.76,0.76,0.4,,0.0,Dry weather,Dry weather,,
8084.0,0.8,3.9,97.0,0.0,1.0,7.0,-0.3,-7.9,5.6,,4.0,0.0,,0.0,0.43,0.18,0.0,0.0,0.0,0.0,115.0,,0.8,0.4,-0.1,0.68,0.68,0.76,0.76,1.0,0.06,0.0,Dry weather,Dry weather,Wet and salty,The sensor has a fault
9001.0,-0.1,,95.0,0.0,0.1,7.0,-0.1,-4.4,5.4,,2.0,8.0,,,,0.07,,0.0,,0.0,110.0,110.0,-0.1,0.7,1.4,,,0.81,0.81,0.1,0.0,10.0,Dry weather,Dry weather,Moist,Probably moist and salty
9002.0,0.0,1.7,97.0,0.0,0.0,7.0,0.0,-8.7,5.7,,2.0,1.0,,,0.0,,0.0,,0.0,,110.0,110.0,0.0,0.5,0.9,0.82,0.82,,,0.0,0.01,0.0,Dry weather,Dry weather,Moist,Dry
9003.0,-1.0,2.2,89.0,0.0,0.0,7.0,-0.1,-8.5,5.6,,2.0,8.0,,,,,,,,,112.0,112.0,-0.9,1.6,2.1,,,,,0.0,0.0,0.0,Dry weather,Dry weather,Moist,Probably moist and salty
9004.0,-0.7,4.4,86.0,0.0,0.0,7.0,0.0,-11.8,5.9,,1.0,1.0,,,0.0,,0.0,,0.0,,422.0,110.0,-0.6,2.0,2.8,0.82,0.82,,,0.0,0.0,0.0,Dry weather,Dry weather,Dry,Dry
9005.0,-0.8,0.7,93.0,0.0,0.0,7.0,-0.1,-6.7,5.7,,2.0,1.0,,,,,,,,,112.0,115.0,-0.7,1.0,1.1,,,,,0.0,0.0,0.0,Dry weather,Dry weather,Moist,Dry
9006.0,-0.7,4.5,90.0,0.0,0.0,7.0,0.0,-10.0,5.4,,1.0,2.0,,,0.02,,0.0,,0.0,,409.0,112.0,-0.6,1.4,2.6,0.82,0.82,,,0.0,0.0,0.0,Dry weather,Dry weather,Dry,Moist
9007.0,0.1,2.1,96.0,0.0,0.0,7.0,-1.7,-5.4,5.9,,8.0,8.0,,,0.03,,0.0,,0.0,,112.0,112.0,0.1,0.7,1.6,0.82,0.82,,,0.0,0.0,10.0,Dry weather,Dry weather,Probably moist and salty,Probably moist and salty
9008.0,-0.6,3.3,84.0,0.0,0.0,7.0,0.0,-7.1,5.9,,2.0,8.0,,,0.02,,0.0,,0.0,,112.0,110.0,-0.5,2.4,0.5,0.82,0.82,,,0.0,0.0,0.0,Dry weather,Dry weather,Moist,Probably moist and salty
9009.0,-1.0,1.3,86.0,0.0,0.0,7.0,-0.8,-4.7,5.8,,8.0,8.0,,,0.03,,0.0,,0.0,,110.0,110.0,-0.9,2.1,0.1,0.82,0.82,,,0.0,0.0,0.0,Dry weather,Dry weather,Probably moist and salty,Probably moist and salty
9010.0,-1.5,1.6,84.0,0.0,0.0,7.0,-0.3,-7.3,5.3,,8.0,8.0,,,0.01,,0.0,,0.0,,110.0,110.0,-1.3,2.3,0.1,0.82,0.82,,,0.0,0.0,0.0,Dry weather,Dry weather,Probably moist and salty,Probably moist and salty
9011.0,0.5,3.3,97.0,0.0,0.0,7.0,-0.2,-7.7,5.6,,8.0,8.0,,,,0.03,,0.0,,0.0,110.0,113.0,0.5,0.4,1.0,,,0.82,0.82,0.0,0.0,10.0,Dry weather,Dry weather,Probably moist and salty,Probably moist and salty
9012.0,-1.3,2.4,85.0,0.0,0.0,7.0,0.0,-9.7,6.1,,1.0,2.0,,,,,,,,,109.0,109.0,-1.1,2.2,2.1,,,,,0.0,0.0,0.0,Dry weather,Dry weather,Dry,Moist
9013.0,0.4,1.5,97.0,0.0,0.2,7.0,-1.5,-7.4,5.6,,8.0,8.0,,,0.04,,0.0,,0.0,,110.0,112.0,0.4,0.4,0.7,0.82,0.82,,,0.2,0.0,10.0,Dry weather,Dry weather,Probably moist and salty,Probably moist and salty
9014.0,-0.3,5.2,92.0,0.0,0.0,7.0,,-6.3,5.3,,0.0,0.0,,,,0.0,,0.0,,0.0,,,-0.2,1.2,,,,0.82,0.82,0.0,,0.0,Dry weather,Dry weather,The sensor has a fault,The sensor has a fault
9015.0,-0.4,3.6,90.0,0.0,0.0,7.0,-0.1,-8.0,5.9,,1.0,0.0,,,0.0,,0.0,,0.0,,110.0,,-0.3,1.5,2.6,0.82,0.82,,,0.0,0.0,0.0,Dry weather,Dry weather,Dry,The sensor has a fault
9016.0,-0.8,2.8,90.0,0.0,0.0,7.0,0.0,-7.4,6.7,,1.0,1.0,,,0.0,,0.0,,0.0,,407.0,412.0,-0.7,1.5,3.0,0.82,0.82,,,0.0,0.0,0.0,Dry weather,Dry weather,Dry,Dry
9017.0,-0.8,1.2,91.0,0.0,0.0,7.0,-0.1,-5.5,5.9,,2.0,2.0,,,,0.0,,0.0,,0.0,112.0,146.0,-0.7,1.2,0.1,,,0.82,0.82,0.0,0.0,0.0,Dry weather,Dry weather,Moist,Moist
9018.0,-0.8,2.8,89.0,0.0,0.0,7.0,,-6.8,5.5,,0.0,1.0,,,,0.01,,0.0,,0.0,,110.0,-0.7,1.5,1.6,,,0.82,0.82,0.0,,0.0,Dry weather,Dry weather,The sensor has a fault,Dry
9019.0,-0.3,3.6,90.0,0.0,0.0,7.0,0.0,-10.0,5.8,,1.0,2.0,,,0.0,0.03,0.0,0.0,0.0,0.0,383.0,320.0,-0.2,1.4,2.2,0.82,0.82,0.82,0.82,0.0,0.0,0.0,Dry weather,Dry weather,Dry,Moist
9020.0,0.6,2.8,98.0,0.0,0.0,7.0,-0.1,-6.9,5.7,,2.0,2.0,,,,0.02,,0.0,,0.0,105.0,112.0,0.6,0.3,0.9,,,0.82,0.82,0.0,0.0,10.0,Dry weather,Dry weather,Moist,Moist
9021.0,-0.5,3.8,93.0,0.0,0.0,7.0,,-8.6,5.5,,0.0,0.0,,,0.0,,0.0,,0.0,,,,-0.5,0.9,,0.82,0.82,,,0.0,,21.0,Dry weather,Dry weather,The sensor has a fault,The sensor has a fault
9028.0,0.0,2.1,97.0,0.0,0.0,7.0,-0.6,-2.5,5.9,,8.0,4.0,,,0.21,,0.0,,0.0,,112.0,110.0,0.0,0.4,-0.6,0.74,0.74,,,0.0,0.02,10.0,Dry weather,Dry weather,Probably moist and salty,Wet and salty
9029.0,-1.0,1.0,90.0,0.0,0.0,7.0,-1.6,-6.0,4.9,,8.0,8.0,,,0.11,,0.0,,0.0,,110.0,107.0,-0.9,1.4,0.3,0.79,0.79,,,0.0,0.0,0.0,Dry weather,Dry weather,Probably moist and salty,Probably moist and salty
9036.0,-1.3,4.1,79.0,0.0,0.0,7.0,-0.1,-6.7,5.8,,2.0,,,,0.0,,0.0,,0.0,,110.0,,-1.1,3.2,2.2,0.82,0.82,,,0.0,0.0,0.0,Dry weather,Dry weather,Moist,
9037.0,-0.1,3.3,91.0,0.0,0.0,7.0,0.0,-9.2,5.7,,2.0,1.0,,,0.01,,0.0,,0.0,,112.0,110.0,-0.1,1.4,1.5,0.82,0.82,,,0.0,0.0,0.0,Dry weather,Dry weather,Moist,Dry
9049.0,-0.6,3.1,89.0,0.0,0.0,7.0,0.0,-10.0,5.5,,2.0,2.0,,,0.0,,0.0,,0.0,,112.0,109.0,-0.6,1.6,2.1,0.82,0.82,,,0.0,0.0,0.0,Dry weather,Dry weather,Moist,Moist
10001.0,-1.8,2.8,76.0,0.0,0.0,7.0,0.0,-2.6,7.2,,1.0,,,,0.0,,0.0,,0.0,,112.0,,-1.6,3.5,2.4,0.82,0.82,,,0.0,0.0,0.0,Dry weather,Dry weather,Dry,
10002.0,0.6,8.9,92.0,0.0,0.0,7.0,0.0,-3.2,6.9,,1.0,1.0,,,,0.0,,0.0,,0.0,110.0,110.0,0.6,1.3,0.2,,,0.82,0.82,0.0,0.0,0.0,Dry weather,Dry weather,Dry,Dry
10003.0,-2.0,4.0,75.0,0.0,0.0,7.0,-0.1,-4.5,7.6,,1.0,1.0,,,0.0,0.0,0.0,0.0,0.0,0.0,402.0,432.0,-1.8,3.8,2.1,0.82,0.82,0.82,0.82,0.0,0.0,0.0,Dry weather,Dry weather,Dry,Dry
10004.0,-2.8,5.4,67.0,0.0,0.0,7.0,0.0,-4.3,6.9,,1.0,1.0,,,0.0,,0.0,,0.0,,450.0,445.0,-2.4,5.3,3.7,0.82,0.82,,,0.0,0.0,0.0,Dry weather,Dry weather,Dry,Dry
10005.0,-3.9,2.6,58.0,0.0,0.0,7.0,0.0,-3.7,7.0,,1.0,1.0,,,,,,,,,427.0,427.0,-3.5,7.1,5.7,,,,,0.0,0.0,0.0,Dry weather,Dry weather,Dry,Dry
,,,,,,,,,,,,,,,,,,,,,,,,,,,,,,,,,,,,
10007.0,-1.7,5.4,72.0,0.0,0.0,7.0,0.0,-3.4,5.6,,1.0,1.0,,,,0.0,,0.0,,0.0,415.0,405.0,-1.5,4.3,4.7,,,0.82,0.82,0.0,0.0,0.0,Dry weather,Dry weather,Dry,Dry
10008.0,-2.6,3.4,70.0,0.0,0.0,7.0,0.0,-5.3,6.7,,1.0,1.0,,,0.0,,0.0,,0.0,,322.0,332.0,-2.3,4.7,1.9,0.82,0.82,,,0.0,0.0,0.0,Dry weather,Dry weather,Dry,Dry
10009.0,-1.5,3.7,77.0,0.0,0.0,7.0,0.0,-6.1,5.5,,1.0,8.0,,,,,,,,,109.0,112.0,-1.3,3.5,1.6,,,,,0.0,0.0,0.0,Dry weather,Dry weather,Dry,Probably moist and salty
10010.0,-4.0,5.0,58.0,0.0,0.0,7.0,0.0,-2.2,7.0,,1.0,1.0,,1.0,0.0,,0.0,,0.0,,443.0,424.0,-3.5,7.1,6.3,0.82,0.82,,,0.0,0.0,0.0,Dry weather,Dry weather,Dry,Dry
10011.0,-2.3,7.6,72.0,0.0,0.0,7.0,0.0,-2.6,6.9,,1.0,1.0,,,0.0,,0.0,,0.0,,407.0,400.0,-2.1,4.3,3.3,0.82,0.82,,,0.0,0.0,0.0,Dry weather,Dry weather,Dry,Dry
10012.0,-2.0,3.7,75.0,0.0,0.0,7.0,0.0,-3.3,7.5,,2.0,2.0,,,,0.0,,0.0,,0.0,109.0,130.0,-1.7,3.7,2.5,,,0.82,0.82,0.0,0.0,0.0,Dry weather,Dry weather,Moist,Moist
10013.0,-3.9,5.1,61.0,0.0,0.0,7.0,0.0,-2.5,6.5,,1.0,1.0,,,,,,,,,440.0,419.0,-3.4,6.4,4.6,,,,,0.0,0.0,0.0,Dry weather,Dry weather,Dry,Dry
10014.0,-2.7,4.7,65.0,0.0,0.0,7.0,0.0,-3.0,6.5,,1.0,1.0,,,0.0,,0.0,,0.0,,457.0,465.0,-2.4,5.8,4.4,0.82,0.82,,,0.0,0.0,0.0,Dry weather,Dry weather,Dry,Dry
10015.0,-4.9,1.5,58.0,0.0,0.0,7.0,0.0,-3.4,6.9,,1.0,2.0,,,0.0,,0.0,,0.0,,450.0,110.0,-4.3,6.9,3.5,0.82,0.82,,,0.0,0.0,0.0,Dry weather,Dry weather,Dry,Moist
10016.0,-2.1,4.2,72.0,0.0,0.0,7.0,0.0,-7.3,5.3,,3.0,1.0,,,,0.0,,0.0,,0.0,130.0,422.0,-1.9,4.2,3.6,,,0.82,0.82,0.0,0.06,0.0,Dry weather,Dry weather,Wet,Dry
10017.0,-2.7,,70.0,0.0,0.0,7.0,0.0,-3.3,6.1,,1.0,1.0,,,,,,,,,420.0,317.0,-2.4,4.7,3.5,,,,,0.0,0.0,0.0,Dry weather,Dry weather,Dry,Dry
10018.0,-1.8,3.6,78.0,0.0,0.0,7.0,-0.1,-3.6,5.3,,2.0,8.0,,,,,,,,,112.0,107.0,-1.6,3.3,2.2,,,,,0.0,0.0,0.0,Dry weather,Dry weather,Moist,Probably moist and salty
10019.0,-5.3,3.1,54.0,0.0,0.0,7.0,0.0,-4.7,6.7,,1.0,1.0,,,,,,,,,427.0,435.0,-4.7,7.8,6.1,,,,,0.0,0.0,0.0,Dry weather,Dry weather,Dry,Dry
10020.0,-4.3,4.5,58.0,0.0,0.0,7.0,0.0,-3.5,5.9,,1.0,1.0,,,,,,,,,448.0,414.0,-3.8,7.1,4.6,,,,,0.0,0.0,0.0,Dry weather,Dry weather,Dry,Dry
10021.0,-2.9,7.8,65.0,0.0,0.0,7.0,-0.1,-2.9,6.1,,1.0,1.0,,,,,,,,,456.0,419.0,-2.5,5.7,4.1,,,,,0.0,0.0,0.0,Dry weather,Dry weather,Dry,Dry
10022.0,-1.4,14.4,78.0,0.0,0.0,7.0,0.0,-1.3,4.6,,1.0,1.0,1.0,1.0,,,,,,,625.0,357.0,-1.3,3.3,2.9,,,,,0.0,0.0,0.0,Dry weather,Dry weather,Dry,Dry
10023.0,-3.1,2.9,63.0,0.0,0.0,7.0,-0.1,-3.4,7.1,,2.0,1.0,,,0.0,,0.0,,0.0,,110.0,420.0,-2.7,6.0,3.0,0.82,0.82,,,0.0,0.0,0.0,Dry weather,Dry weather,Moist,Dry
10024.0,-6.1,5.6,49.0,0.0,0.0,7.0,-0.1,-2.8,7.3,,1.0,1.0,,,0.0,,0.0,,0.0,,450.0,440.0,-5.4,9.2,6.1,0.82,0.82,,,0.0,0.0,0.0,Dry weather,Dry weather,Dry,Dry
10025.0,-2.4,3.7,68.0,0.0,0.0,7.0,0.0,-5.6,6.6,,1.0,1.0,,,0.0,,0.0,,0.0,,417.0,260.0,-2.1,5.0,3.4,0.82,0.82,,,0.0,0.0,0.0,Dry weather,Dry weather,Dry,Dry
10026.0,-1.2,4.6,81.0,0.0,0.0,7.0,0.0,-3.5,6.9,,1.0,,,,0.01,,0.0,,0.0,,230.0,,-1.0,2.8,2.1,0.82,0.82,,,0.0,0.0,0.0,Dry weather,Dry weather,Dry,
10027.0,-2.7,7.0,71.0,0.0,0.0,7.0,0.0,-4.8,7.1,,2.0,1.0,,,0.0,,0.0,,0.0,,112.0,112.0,-2.4,4.4,4.9,0.82,0.82,,,0.0,0.01,0.0,Dry weather,Dry weather,Moist,Dry
10028.0,-3.9,3.7,58.0,0.0,0.0,7.0,0.0,-3.3,7.3,,1.0,1.0,,,0.0,,0.0,,0.0,,110.0,497.0,-3.4,7.2,5.7,0.82,0.82,,,0.0,0.0,0.0,Dry weather,Dry weather,Dry,Dry
10029.0,-0.5,7.4,83.0,0.0,0.0,7.0,0.0,-3.3,6.6,,2.0,,,,,,,,,,112.0,,-0.5,2.5,1.6,,,,,0.0,0.0,0.0,Dry weather,Dry weather,Moist,
10031.0,-6.2,3.4,53.0,0.0,0.0,7.0,-0.9,-4.0,5.6,,8.0,1.0,,,,,,,,,112.0,396.0,-5.5,7.9,4.6,,,,,0.0,0.0,0.0,Dry weather,Dry weather,Probably moist and salty,Dry
10032.0,-2.7,3.3,73.0,0.0,0.0,7.0,0.0,-4.6,7.2,,1.0,1.0,,,,,,,,,406.0,414.0,-2.4,4.1,3.7,,,,,0.0,0.0,0.0,Dry weather,Dry weather,Dry,Dry
10035.0,-1.8,1.7,72.0,0.0,0.0,7.0,0.0,-4.6,6.4,,2.0,0.0,,,,,,,,,115.0,,-1.6,4.4,2.0,,,,,0.0,0.0,0.0,Dry weather,Dry weather,Moist,The sensor has a fault
10036.0,-2.0,6.0,72.0,0.0,0.0,7.0,0.0,-2.2,5.4,,1.0,1.0,,,0.0,,0.0,,0.0,,396.0,440.0,-1.8,4.4,4.0,0.82,0.82,,,0.0,0.0,0.0,Dry weather,Dry weather,Dry,Dry
10039.0,-2.9,5.6,67.0,0.0,0.0,7.0,0.0,-3.4,7.0,,1.0,1.0,,,0.0,,0.0,,0.0,,432.0,112.0,-2.5,5.2,3.0,0.82,0.82,,,0.0,0.0,0.0,Dry weather,Dry weather,Dry,Dry
10040.0,-2.3,6.1,70.0,0.0,0.0,7.0,0.0,-2.9,6.5,,1.0,1.0,,,0.0,,0.0,,0.0,,438.0,458.0,-2.1,4.7,3.4,0.82,0.82,,,0.0,0.0,0.0,Dry weather,Dry weather,Dry,Dry
10041.0,-2.4,5.6,67.0,0.0,0.0,7.0,0.0,-2.3,5.8,,1.0,1.0,,,,,,,,,508.0,109.0,-2.1,5.4,4.4,,,,,0.0,0.0,0.0,Dry weather,Dry weather,Dry,Dry
10042.0,-2.1,7.8,71.0,0.0,0.0,7.0,0.0,-3.2,5.9,,1.0,1.0,,,0.0,,0.0,,0.0,,432.0,414.0,-1.8,4.6,2.9,0.82,0.82,,,0.0,0.0,0.0,Dry weather,Dry weather,Dry,Dry
10043.0,-3.7,4.2,63.0,0.0,0.0,7.0,-0.1,-3.2,6.2,,2.0,1.0,,,,,,,,,109.0,117.0,-3.3,6.1,2.5,,,,,0.0,0.0,0.0,Dry weather,Dry weather,Moist,Dry
10044.0,-2.2,2.8,70.0,0.0,0.0,7.0,,-4.1,6.7,,,1.0,,,0.0,,0.0,,0.0,,,464.0,-1.9,4.8,,0.82,0.82,,,0.0,,0.0,Dry weather,Dry weather,,Dry
10045.0,-1.8,1.9,80.0,0.0,0.0,7.0,-3.1,-3.4,5.6,,8.0,,,,0.07,,0.0,,0.0,,112.0,,-1.6,2.8,-0.4,0.81,0.81,,,0.0,0.0,0.0,Dry weather,Dry weather,Probably moist and salty,
10048.0,-1.5,3.8,82.0,0.0,0.0,7.0,-0.6,-7.0,5.7,,8.0,8.0,,,0.01,,0.0,,0.0,,112.0,112.0,-1.3,2.6,0.5,0.82,0.82,,,0.0,0.0,0.0,Dry weather,Dry weather,Probably moist and salty,Probably moist and salty
10049.0,-6.2,2.0,54.0,0.0,0.0,7.0,0.0,-4.4,6.2,,1.0,,,,0.0,,0.0,,0.0,,404.0,,-5.5,7.8,4.5,0.82,0.82,,,0.0,0.0,0.0,Dry weather,Dry weather,Dry,
10050.0,-4.4,5.1,56.0,0.0,0.0,7.0,0.0,-2.5,6.9,,1.0,,,,0.0,0.0,0.0,0.0,0.0,0.0,409.0,,-3.9,7.6,5.6,0.82,0.82,0.82,0.82,0.0,0.0,0.0,Dry weather,Dry weather,Dry,
10054.0,-1.4,2.2,78.0,0.0,0.0,7.0,0.0,-4.2,7.6,,1.0,,,,0.0,,0.0,,0.0,,396.0,,-1.3,3.4,1.6,0.82,0.82,,,0.0,0.0,0.0,Dry weather,Dry weather,Dry,
10062.0,-2.2,2.7,73.0,0.0,0.0,7.0,0.0,-2.8,7.7,,1.0,,,,0.0,,0.0,,0.0,,432.0,,-2.0,4.1,4.4,0.82,0.82,,,0.0,0.0,0.0,Dry weather,Dry weather,Dry,
10072.0,-2.3,4.9,68.0,0.0,0.0,7.0,0.0,-2.8,6.7,,1.0,,,,0.0,,0.0,,0.0,,417.0,,-2.1,5.0,3.7,0.82,0.82,,,0.0,0.0,0.0,Dry weather,Dry weather,Dry,
10075.0,-2.2,6.9,69.0,0.0,0.0,7.0,0.0,-2.8,6.3,,1.0,1.0,,,0.0,,0.0,,0.0,,432.0,443.0,-1.9,4.9,4.0,0.82,0.82,,,0.0,0.0,0.0,Dry weather,Dry weather,Dry,Dry
10077.0,-4.4,5.1,56.0,0.0,0.0,7.0,0.0,-2.5,6.9,,1.0,,,,0.0,0.0,0.0,0.0,0.0,0.0,409.0,,-3.9,7.6,5.6,0.82,0.82,0.82,0.82,0.0,0.0,0.0,Dry weather,Dry weather,Dry,
10081.0,-2.5,5.6,69.0,,0.0,,0.0,-4.1,6.5,,1.0,1.0,,,0.0,,0.0,,0.0,,422.0,422.0,-2.2,4.8,3.7,0.82,0.82,,,0.0,0.0,,,,Dry,Dry
10082.0,-3.6,1.7,62.0,0.0,0.0,7.0,0.0,-3.0,6.1,,1.0,,,,,,,,,,406.0,,-3.2,6.2,4.7,,,,,0.0,0.0,0.0,Dry weather,Dry weather,Dry,
11001.0,-6.6,1.9,48.0,0.0,0.0,7.0,0.0,-1.3,7.5,,1.0,,,,0.0,,0.0,,0.0,,445.0,,-5.9,9.3,6.7,0.82,0.82,,,0.0,0.0,0.0,Dry weather,Dry weather,Dry,
11002.0,-6.4,3.2,50.0,0.0,0.0,7.0,-0.3,-4.3,7.1,,8.0,1.0,,,,,,,,,109.0,456.0,-5.6,8.7,5.0,,,,,0.0,0.0,0.0,Dry weather,Dry weather,Probably moist and salty,Dry
11003.0,-4.6,5.5,61.0,0.0,0.0,7.0,0.0,-3.8,5.9,,7.0,1.0,,,,,,,,,117.0,414.0,-4.1,6.4,3.6,,,,,0.0,0.23,0.0,Dry weather,Dry weather,Ice,Dry
11004.0,-5.4,4.4,58.0,0.0,0.0,7.0,0.0,-5.1,5.4,,1.0,1.0,,,,,,,,,409.0,411.0,-4.8,6.9,4.6,,,,,0.0,0.0,0.0,Dry weather,Dry weather,Dry,Dry
11005.0,-1.4,4.3,80.0,0.0,0.0,7.0,0.0,-5.6,5.7,,1.0,2.0,,,0.01,,0.0,,0.0,,112.0,112.0,-1.2,3.0,2.5,0.82,0.82,,,0.0,0.0,0.0,Dry weather,Dry weather,Dry,Moist
11006.0,-2.7,3.8,72.0,0.0,0.0,7.0,0.0,-5.1,6.0,,1.0,1.0,,,,,,,,,107.0,388.0,-2.4,4.2,2.6,,,,,0.0,0.0,0.0,Dry weather,Dry weather,Dry,Dry
11007.0,-5.1,,56.0,0.0,0.0,7.0,-0.2,-3.5,6.1,,1.0,2.0,,,0.0,,0.0,,0.0,,335.0,117.0,-4.5,7.5,4.6,0.82,0.82,,,0.0,0.0,0.0,Dry weather,Dry weather,Dry,Moist
12001.0,-6.3,2.9,51.0,0.0,0.0,7.0,0.0,-2.1,7.4,,1.0,1.0,,,0.0,0.0,0.0,0.0,0.0,0.0,475.0,462.0,-5.6,8.4,5.9,0.82,0.82,0.82,0.82,0.0,0.0,0.0,Dry weather,Dry weather,Dry,Dry
12002.0,-9.0,2.6,40.0,0.0,0.0,7.0,0.0,-1.7,7.9,,1.0,1.0,,,0.0,,0.0,,0.0,,410.0,410.0,-8.0,11.3,9.8,0.82,0.82,,,0.0,0.0,0.0,Dry weather,Dry weather,Dry,Dry
12003.0,-3.4,5.5,67.0,0.0,0.0,7.0,-0.3,-3.6,6.3,,1.0,1.0,,,0.01,,0.0,,0.0,,517.0,167.0,-3.0,5.2,3.3,0.82,0.82,,,0.0,0.0,0.0,Dry weather,Dry weather,Dry,Dry
12004.0,-8.2,2.6,47.0,0.0,0.0,7.0,-1.0,-2.3,5.1,,1.0,,,,0.01,0.0,0.0,0.0,0.0,0.0,427.0,,-7.3,9.4,5.9,0.82,0.82,0.82,0.82,0.0,0.0,0.0,Dry weather,Dry weather,Dry,
12005.0,-7.8,3.0,49.0,0.0,0.0,7.0,0.0,-4.7,6.7,,1.0,1.0,,,,0.0,,0.0,,0.0,415.0,415.0,-6.9,8.7,5.2,,,0.82,0.82,0.0,0.0,0.0,Dry weather,Dry weather,Dry,Dry
12006.0,-7.8,3.0,51.0,0.0,0.0,7.0,0.0,-3.7,6.0,,1.0,1.0,,,,,,,,,417.0,422.0,-6.9,8.3,4.8,,,,,0.0,0.0,0.0,Dry weather,Dry weather,Dry,Dry
12007.0,-10.3,4.5,44.0,0.0,0.0,7.0,0.0,-12.5,5.7,,1.0,,,,,0.0,,0.0,,0.0,417.0,,-9.1,9.8,7.6,,,0.82,0.82,0.0,0.0,0.0,Dry weather,Dry weather,Dry,
12008.0,-10.7,6.7,44.0,0.0,0.0,7.0,-0.1,-5.4,4.8,,1.0,1.0,,,,,,,,,401.0,394.0,-9.5,9.8,7.0,,,,,0.0,0.0,0.0,Dry weather,Dry weather,Dry,Dry
12009.0,-1.6,4.6,81.0,0.0,0.0,7.0,0.0,-4.0,4.9,,1.0,8.0,,,,,,,,,115.0,115.0,-1.4,2.8,1.1,,,,,0.0,0.0,0.0,Dry weather,Dry weather,Dry,Probably moist and salty
12010.0,-4.3,7.0,61.0,0.0,0.0,7.0,0.0,-5.2,6.0,,1.0,1.0,,,,,,,,,115.0,411.0,-3.8,6.4,2.8,,,,,0.0,0.0,0.0,Dry weather,Dry weather,Dry,Dry
12011.0,-9.2,4.2,47.0,0.0,0.0,7.0,-0.4,-4.9,5.5,,1.0,1.0,,,,,,,,,440.0,417.0,-8.2,8.9,6.5,,,,,0.0,0.0,0.0,Dry weather,Dry weather,Dry,Dry
12013.0,-6.2,1.7,54.0,0.0,0.0,7.0,-0.2,-3.1,6.7,,1.0,1.0,,,,,,,,,409.0,414.0,-5.5,7.7,4.4,,,,,0.0,0.0,0.0,Dry weather,Dry weather,Dry,Dry
12014.0,-5.8,3.9,54.0,0.0,0.0,7.0,0.0,-3.0,6.6,,1.0,1.0,,,,0.0,,0.02,,0.01,430.0,430.0,-5.2,7.8,4.9,,,0.81,0.81,0.0,0.0,0.0,Dry weather,Dry weather,Dry,Dry
12015.0,-9.4,4.3,40.0,0.0,0.0,7.0,-0.2,-3.4,6.6,,1.0,1.0,,,0.0,,0.0,,0.0,,425.0,110.0,-8.4,11.3,8.8,0.82,0.82,,,0.0,0.0,0.0,Dry weather,Dry weather,Dry,Dry
12016.0,-2.2,4.0,75.0,0.0,0.0,7.0,,-6.6,5.7,,0.0,0.0,,,,0.0,,0.0,,0.0,,,-2.0,3.7,,,,0.82,0.82,0.0,,0.0,Dry weather,Dry weather,The sensor has a fault,The sensor has a fault
12017.0,-6.5,2.4,52.0,0.0,0.0,7.0,0.0,-3.0,8.0,,1.0,1.0,,,,0.0,,0.0,,0.0,475.0,415.0,-5.7,8.2,5.6,,,0.82,0.82,0.0,0.0,0.0,Dry weather,Dry weather,Dry,Dry
12019.0,-6.5,4.1,51.0,0.0,0.0,7.0,-0.1,-2.5,6.7,,1.0,1.0,,,0.0,0.0,0.0,0.0,0.0,0.0,427.0,570.0,-5.8,8.4,5.8,0.82,0.82,0.82,0.82,0.0,0.0,0.0,Dry weather,Dry weather,Dry,Dry
12020.0,-2.0,0.9,80.0,0.0,0.0,7.0,0.0,-4.3,6.7,,2.0,1.0,,,,,,,,,112.0,109.0,-1.8,2.9,0.2,,,,,0.0,0.0,0.0,Dry weather,Dry weather,Moist,Dry
12022.0,-5.8,1.6,53.0,0.0,0.0,7.0,0.0,-3.1,6.8,,1.0,1.0,,,0.0,0.0,0.0,0.0,0.0,0.0,110.0,405.0,-5.2,8.0,4.4,0.82,0.82,0.82,0.82,0.0,0.0,0.0,Dry weather,Dry weather,Dry,Dry
12025.0,-8.7,6.1,42.0,0.0,0.0,7.0,0.0,-2.9,6.7,,1.0,1.0,,,,,,,,,448.0,427.0,-7.7,10.9,8.0,,,,,0.0,0.0,0.0,Dry weather,Dry weather,Dry,Dry
,,,,,,,,,,,,,,,,,,,,,,,,,,,,,,,,,,,,
12028.0,-9.2,1.8,48.0,0.0,0.0,7.0,0.0,-9.0,5.8,,2.0,,,,0.0,,0.0,,0.0,,148.0,,-8.2,8.7,4.2,0.82,0.82,,,0.0,0.0,0.0,Dry weather,Dry weather,Moist,
12029.0,-6.3,,52.0,0.0,0.0,7.0,-0.1,-3.7,6.6,,1.0,8.0,,,0.0,0.0,0.0,0.0,0.0,0.0,110.0,107.0,-5.6,8.3,4.1,0.82,0.82,0.82,0.82,0.0,0.0,0.0,Dry weather,Dry weather,Dry,Probably moist and salty
12033.0,-6.1,2.3,54.0,0.0,0.0,7.0,-0.3,-4.4,6.9,,1.0,1.0,,,,0.0,,0.0,,0.0,432.0,392.0,-5.4,7.8,3.4,,,0.82,0.82,0.0,0.0,0.0,Dry weather,Dry weather,Dry,Dry
12035.0,-1.4,1.5,82.0,0.0,0.0,7.0,-0.1,-7.8,5.7,,8.0,8.0,,,,,,,,,117.0,115.0,-1.2,2.6,-1.2,,,,,0.0,0.03,0.0,Dry weather,Dry weather,Probably moist and salty,Probably moist and salty
12036.0,-8.1,1.6,48.0,0.0,0.0,7.0,0.0,-8.9,6.3,,1.0,1.0,,,,,,,,,414.0,419.0,-7.2,9.0,6.2,,,,,0.0,0.0,0.0,Dry weather,Dry weather,Dry,Dry
12038.0,-8.6,2.9,51.0,0.0,0.0,7.0,0.0,-10.1,5.9,,1.0,1.0,,,0.0,,0.0,,0.0,,417.0,432.0,-7.7,8.1,4.8,0.82,0.82,,,0.0,0.0,0.0,Dry weather,Dry weather,Dry,Dry
12049.0,-6.5,3.2,50.0,0.0,0.0,7.0,-0.1,-4.4,7.3,,2.0,1.0,,,0.0,0.0,0.0,0.0,0.0,0.0,115.0,130.0,-5.8,8.6,4.7,0.82,0.82,0.82,0.82,0.0,0.0,0.0,Dry weather,Dry weather,Moist,Dry
12050.0,-8.1,5.3,43.0,0.0,0.0,7.0,-0.1,-2.5,7.1,,1.0,1.0,,,0.0,,0.0,,0.0,,422.0,452.0,-7.2,10.6,8.7,0.82,0.82,,,0.0,0.0,0.0,Dry weather,Dry weather,Dry,Dry
12053.0,-5.2,5.3,55.0,0.0,0.0,7.0,0.0,-2.5,7.0,,1.0,1.0,1.0,1.0,0.0,0.0,0.0,0.0,0.0,0.0,415.0,405.0,-4.6,7.6,5.9,0.82,0.82,0.82,0.82,0.0,0.0,0.0,Dry weather,Dry weather,Dry,Dry
12055.0,-7.2,1.8,52.0,0.0,0.0,7.0,,-9.3,7.0,,,,,,,,,,,,,,-6.4,8.1,,,,,,0.0,,0.0,Dry weather,Dry weather,,
12057.0,-10.5,2.1,43.0,0.0,0.0,7.0,,-11.8,6.9,,,,,,,,,,,,,,-9.3,10.1,,,,,,0.0,,0.0,Dry weather,Dry weather,,
12059.0,-6.5,,51.0,,,,,-2.5,6.7,,0.0,1.0,,,,,,,,,115.0,560.0,-5.8,8.5,,,,,,,,,,,The sensor has a fault,Dry
12067.0,-4.4,6.0,61.0,0.0,0.0,7.0,0.0,-3.3,6.1,,1.0,,,,,0.0,,0.0,,0.0,410.0,,-3.9,6.2,3.6,,,0.82,0.82,0.0,0.0,0.0,Dry weather,Dry weather,Dry,
12069.0,-6.0,,53.0,0.0,0.0,7.0,-0.1,-2.5,6.6,,2.0,1.0,,,0.0,0.0,0.0,0.0,0.0,0.0,115.0,417.0,-5.3,8.0,4.9,0.82,0.82,0.82,0.82,0.0,0.0,0.0,Dry weather,Dry weather,Moist,Dry
12076.0,-7.9,4.3,46.0,0.0,0.0,7.0,-0.1,-2.5,6.3,,1.0,1.0,,,,0.0,,0.0,,0.0,402.0,400.0,-7.0,9.7,7.9,,,0.82,0.82,0.0,0.0,0.0,Dry weather,Dry weather,Dry,Dry
12082.0,-6.9,4.2,49.0,0.0,0.0,7.0,0.0,-3.2,6.9,,1.0,1.0,,,0.0,0.0,0.0,0.0,0.0,0.0,487.0,110.0,-6.2,8.8,5.8,0.82,0.82,0.82,0.82,0.0,0.0,0.0,Dry weather,Dry weather,Dry,Dry
12083.0,-7.6,5.5,47.0,0.0,0.0,7.0,-0.3,-3.2,6.6,,8.0,1.0,,,0.0,0.0,0.0,0.0,0.0,0.0,107.0,112.0,-6.7,9.5,6.7,0.82,0.82,0.82,0.82,0.0,0.0,0.0,Dry weather,Dry weather,Probably moist and salty,Dry
12089.0,-3.3,3.5,66.0,0.0,0.0,7.0,0.0,-6.1,6.4,,1.0,,,,,,,,,,112.0,,-2.9,5.3,2.0,,,,,0.0,0.0,0.0,Dry weather,Dry weather,Dry,
13001.0,-1.1,2.9,86.0,0.0,0.0,7.0,-0.1,-1.5,5.6,,1.0,2.0,,,,,,,,,107.0,112.0,-1.0,2.0,1.6,,,,,0.0,0.0,0.0,Dry weather,Dry weather,Dry,Moist
13002.0,-2.1,3.5,73.0,0.0,0.0,7.0,0.0,-12.3,7.1,,1.0,1.0,,,,,,,,,349.0,383.0,-1.8,4.1,1.6,,,,,0.0,0.0,0.0,Dry weather,Dry weather,Dry,Dry
13003.0,-2.6,4.0,73.0,0.0,0.0,7.0,-1.2,-9.2,5.7,,8.0,2.0,,,,,,,,,112.0,112.0,-2.3,4.1,1.2,,,,,0.0,0.0,0.0,Dry weather,Dry weather,Probably moist and salty,Moist
13004.0,-3.8,5.3,69.0,0.0,0.0,7.0,0.0,-9.9,6.0,,1.0,1.0,,,,,,,,,109.0,406.0,-3.4,4.6,2.8,,,,,0.0,0.0,0.0,Dry weather,Dry weather,Dry,Dry
13005.0,-6.3,5.0,55.0,0.0,0.0,7.0,0.0,-9.6,6.2,,1.0,7.0,,,,,,,,,372.0,115.0,-5.6,7.4,4.4,,,,,0.0,0.0,0.0,Dry weather,Dry weather,Dry,Ice
13006.0,-0.2,4.9,96.0,4.0,0.7,11.0,,-8.8,5.0,,0.0,0.0,,,,,,,,,,,-0.2,0.5,,,,,,0.7,,71.0,Light snow/sleet,Snowfall,The sensor has a fault,The sensor has a fault
13007.0,-0.6,2.6,90.0,0.0,0.0,7.0,-7.1,-5.4,4.9,,8.0,8.0,,,,,,,,,107.0,115.0,-0.5,1.4,0.7,,,,,0.0,0.01,0.0,Dry weather,Dry weather,Probably moist and salty,Probably moist and salty
13009.0,-1.3,3.1,80.0,0.0,0.0,7.0,-0.5,-7.6,6.3,,1.0,2.0,,,0.0,,0.0,,0.0,,263.0,109.0,-1.2,2.9,1.3,0.82,0.82,,,0.0,0.0,0.0,Dry weather,Dry weather,Dry,Moist
13010.0,-3.1,2.7,73.0,0.0,0.0,7.0,-0.1,-4.7,6.8,,1.0,1.0,,,,,,,,,427.0,422.0,-2.8,4.0,2.4,,,,,0.0,0.0,0.0,Dry weather,Dry weather,Dry,Dry
13011.0,-6.6,4.9,55.0,0.0,0.1,7.0,0.0,-4.5,5.8,,2.0,,,,,0.0,,0.0,,0.0,112.0,,-5.8,7.4,3.9,,,0.82,0.82,0.1,0.0,0.0,Dry weather,Dry weather,Moist,
13012.0,-0.6,2.2,91.0,4.0,0.1,11.0,0.0,-11.7,6.0,,6.0,6.0,,,,,,,,,112.0,107.0,-0.5,1.3,0.1,,,,,0.1,0.12,71.0,Light snow/sleet,Snowfall,Snow,Snow
13013.0,-6.2,3.6,59.0,0.0,0.0,7.0,0.0,-13.4,6.3,,1.0,1.0,,,,,,,,,409.0,109.0,-5.5,6.4,3.8,,,,,0.0,0.0,0.0,Dry weather,Dry weather,Dry,Dry
13015.0,-1.0,2.2,84.0,0.0,0.0,7.0,-0.1,-5.3,5.8,,2.0,,,,0.01,,0.0,,0.0,,112.0,,-0.8,2.4,1.8,0.82,0.82,,,0.0,0.0,0.0,Dry weather,Dry weather,Moist,
13017.0,-1.5,4.5,84.0,1.0,0.0,11.0,0.0,-9.7,6.0,,2.0,,,,,,,,,,112.0,,-1.3,2.3,-1.1,,,,,0.0,0.01,61.0,Weak,Snowfall,Moist,
13018.0,-0.9,3.3,83.0,0.0,0.0,7.0,-0.3,-11.5,6.0,,2.0,,,,0.02,,0.0,,0.0,,112.0,,-0.8,2.6,0.9,0.82,0.82,,,0.0,0.0,0.0,Dry weather,Dry weather,Moist,
13021.0,-3.4,4.9,69.0,0.0,0.0,7.0,0.0,-12.3,5.7,,7.0,,,,,,,,,,109.0,,-3.0,4.7,-1.1,,,,,0.0,0.91,0.0,Dry weather,Dry weather,Ice,
13022.0,-0.1,2.1,100.0,4.0,0.3,11.0,-0.1,-4.8,5.4,,4.0,,,,,,,,,,112.0,,-0.1,0.0,-0.5,,,,,0.3,0.47,71.0,Light snow/sleet,Snowfall,Wet and salty,
14001.0,-5.7,3.3,69.0,0.0,0.0,7.0,,-3.5,3.7,,0.0,0.0,,,,,,,,,,,-5.1,4.3,,,,,,0.0,,0.0,Dry weather,Dry weather,The sensor has a fault,The sensor has a fault
14002.0,-9.8,3.8,41.0,0.0,0.0,7.0,0.0,-2.1,5.2,,1.0,1.0,,,0.0,,0.0,,0.0,,682.0,518.0,-8.8,10.7,6.6,0.82,0.82,,,0.0,0.0,0.0,Dry weather,Dry weather,Dry,Dry
14003.0,-8.4,15.3,54.0,4.0,0.0,7.0,0.0,-4.4,3.0,,1.0,0.0,,,,,,,,,112.0,,-7.5,7.2,6.3,,,,,0.0,0.01,85.0,Light snow/sleet,Dry weather,Dry,The sensor has a fault
14004.0,-11.0,4.5,42.0,0.0,0.0,7.0,-0.1,-3.8,4.9,,2.0,8.0,,,,,,,,,107.0,128.0,-9.8,10.3,7.8,,,,,0.0,0.0,0.0,Dry weather,Dry weather,Moist,Probably moist and salty
14005.0,-5.6,2.6,60.0,0.0,0.0,7.0,0.0,-3.8,4.0,,1.0,2.0,,,,,,,,,112.0,107.0,-5.0,6.4,2.6,,,,,0.0,0.0,0.0,Dry weather,Dry weather,Dry,Moist
14007.0,-10.1,7.7,44.0,0.0,0.0,7.0,-0.2,-6.7,4.1,,1.0,4.0,,,,,,,,,435.0,109.0,-9.0,9.7,8.3,,,,,0.0,0.0,0.0,Dry weather,Dry weather,Dry,Wet and salty
14008.0,-8.4,3.9,49.0,0.0,0.0,7.0,-0.5,-3.5,5.0,,1.0,1.0,,,,0.0,,0.0,,0.0,474.0,279.0,-7.5,8.7,5.7,,,0.82,0.82,0.0,0.0,0.0,Dry weather,Dry weather,Dry,Dry
14010.0,-6.8,3.2,55.0,0.0,0.0,7.0,-0.1,-4.4,3.0,,1.0,1.0,,,,,,,,,424.0,435.0,-6.0,7.4,4.8,,,,,0.0,0.0,0.0,Dry weather,Dry weather,Dry,Dry
14011.0,-7.6,6.2,53.0,0.0,0.0,7.0,-0.7,-2.0,4.0,,1.0,1.0,,,,,,,,,422.0,432.0,-6.7,7.7,5.5,,,,,0.0,0.0,0.0,Dry weather,Dry weather,Dry,Dry
14013.0,-10.8,1.9,44.0,0.0,0.0,7.0,0.0,-6.7,5.4,,1.0,2.0,,,,,,,,,411.0,112.0,-9.6,9.7,5.0,,,,,0.0,0.0,0.0,Dry weather,Dry weather,Dry,Moist
14014.0,-8.5,3.7,49.0,0.0,0.0,7.0,-0.4,-3.2,4.4,,2.0,1.0,,,,,,,,,109.0,141.0,-7.6,8.5,5.3,,,,,0.0,0.0,0.0,Dry weather,Dry weather,Moist,Dry
14016.0,-9.4,7.9,50.0,0.0,0.0,7.0,0.0,-3.8,4.3,,7.0,7.0,,,,,,,,,112.0,117.0,-8.3,8.2,4.6,,,,,0.0,0.59,0.0,Dry weather,Dry weather,Ice,Ice
14017.0,-11.0,2.8,41.0,0.0,0.0,7.0,-0.8,-4.5,5.7,,1.0,8.0,,,,,,,,,279.0,112.0,-9.8,10.5,6.4,,,,,0.0,0.0,0.0,Dry weather,Dry weather,Dry,Probably moist and salty
14018.0,-9.1,3.9,49.0,0.0,0.0,7.0,0.0,-3.4,4.2,,1.0,1.0,,,,,,,,,404.0,117.0,-8.1,8.4,6.6,,,,,0.0,0.0,0.0,Dry weather,Dry weather,Dry,Dry
14019.0,-4.4,7.2,91.0,4.0,0.2,11.0,0.0,-12.7,1.1,,6.0,,,,0.0,,0.77,,0.04,,115.0,,-3.9,0.8,1.6,0.37,0.37,,,0.2,1.35,71.0,Light snow/sleet,Snowfall,Snow,
14020.0,-6.1,3.6,67.0,0.0,0.0,7.0,-0.1,-3.3,3.5,,1.0,1.0,1.0,1.0,0.0,,0.0,,0.0,,427.0,109.0,-5.4,4.6,3.9,0.82,0.82,,,0.0,0.0,0.0,Dry weather,Dry weather,Dry,Dry
14021.0,-5.2,3.2,70.0,0.0,0.0,7.0,0.0,-3.4,3.5,,1.0,1.0,2.0,2.0,,,,,,,510.0,112.0,-4.6,4.3,3.0,,,,,0.0,0.0,0.0,Dry weather,Dry weather,Dry,Dry
14023.0,-5.6,4.5,65.0,0.0,0.0,7.0,-0.3,-5.0,2.4,,8.0,2.0,2.0,2.0,,0.01,,0.0,,0.0,109.0,112.0,-5.0,5.2,3.4,,,0.82,0.82,0.0,0.0,0.0,Dry weather,Dry weather,Probably moist and salty,Moist
14026.0,-8.7,3.6,48.0,0.0,0.0,7.0,0.0,-3.2,6.1,,1.0,,,,,,,,,,417.0,,-7.8,8.8,4.0,,,,,0.0,0.0,0.0,Dry weather,Dry weather,Dry,
14027.0,-7.7,6.8,54.0,0.0,0.0,7.0,0.0,-2.1,4.1,,2.0,,,,,,,,,,109.0,,-6.8,7.5,4.2,,,,,0.0,0.15,0.0,Dry weather,Dry weather,Moist,
14028.0,-9.8,6.5,51.0,0.0,0.0,7.0,-0.2,-2.6,3.3,,8.0,,,,,,,,,,109.0,,-8.7,7.7,4.8,,,,,0.0,0.24,0.0,Dry weather,Dry weather,Probably moist and salty,
14030.0,-12.5,3.5,37.0,0.0,0.0,7.0,0.0,-8.5,7.4,,7.0,,,,,,,,,,112.0,,-11.2,11.8,5.1,,,,,0.0,0.22,0.0,Dry weather,Dry weather,Ice,
14034.0,-1.6,2.7,80.0,0.0,0.0,7.0,-0.1,-1.8,5.4,,1.0,1.0,1.0,1.0,,,,,,,414.0,432.0,-1.4,2.9,0.3,,,,,0.0,0.0,0.0,Dry weather,Dry weather,Dry,Dry
14036.0,-6.2,3.4,67.0,0.0,0.0,7.0,-0.1,-4.1,3.3,,1.0,1.0,1.0,1.0,,0.01,,0.0,,0.0,466.0,505.0,-5.5,4.7,3.8,,,0.82,0.82,0.0,0.0,0.0,Dry weather,Dry weather,Dry,Dry
14039.0,-6.1,5.0,70.0,0.0,0.0,7.0,-0.1,-4.3,3.4,,1.0,1.0,1.0,1.0,,0.0,,0.0,,0.0,120.0,477.0,-5.4,4.0,3.7,,,0.82,0.82,0.0,0.0,0.0,Dry weather,Dry weather,Dry,Dry
14042.0,-7.3,4.4,64.0,4.0,0.0,11.0,0.0,-5.9,3.5,,7.0,,,,,,,,,,112.0,,-6.4,5.2,3.5,,,,,0.0,0.13,71.0,Light snow/sleet,Snowfall,Ice,
14043.0,-11.0,2.7,42.0,0.0,0.0,7.0,0.0,-2.4,5.8,,1.0,4.0,,,,,,,,,393.0,109.0,-9.8,10.3,7.1,,,,,0.0,0.0,0.0,Dry weather,Dry weather,Dry,Wet and salty
14046.0,-10.0,1.6,46.0,0.0,0.0,7.0,-0.3,-5.7,4.5,,1.0,1.0,,,,,,,,,107.0,151.0,-8.9,9.3,4.8,,,,,0.0,0.0,0.0,Dry weather,Dry weather,Dry,Dry
14047.0,-9.5,3.9,48.0,0.0,0.0,7.0,0.0,-2.9,4.3,,8.0,2.0,,,,0.0,,0.0,,0.0,110.0,112.0,-8.5,8.6,4.5,,,0.82,0.82,0.0,0.18,0.0,Dry weather,Dry weather,Probably moist and salty,Moist
14049.0,-9.5,5.3,48.0,0.0,0.0,7.0,-0.1,-1.8,4.0,,1.0,1.0,,,,0.0,,0.0,,0.0,445.0,435.0,-8.5,8.6,6.4,,,0.82,0.82,0.0,0.0,0.0,Dry weather,Dry weather,Dry,Dry
,,,,,,,,,,,,,,,,,,,,,,,,,,,,,,,,,,,,
14054.0,-4.4,5.6,91.0,4.0,0.7,11.0,,-5.8,0.6,,,,,,,,,,,,,,-3.9,0.8,,,,,,0.7,,71.0,Light snow/sleet,Snowfall,,
14055.0,-11.0,3.3,42.0,0.0,0.0,7.0,0.0,-8.2,5.2,,1.0,,,,,,,,,,417.0,,-9.8,10.3,5.9,,,,,0.0,0.0,0.0,Dry weather,Dry weather,Dry,
14056.0,-4.1,4.0,94.0,4.0,0.7,11.0,,-14.6,0.7,,,,,,,,,,,,,,-3.6,0.5,,,,,,0.7,,71.0,Light snow/sleet,Snowfall,,
14057.0,-4.2,5.5,94.0,4.0,1.4,11.0,0.0,-7.1,2.1,,6.0,6.0,,,0.0,,0.82,,0.05,,112.0,112.0,-3.7,0.4,2.1,0.37,0.37,,,1.4,0.34,71.0,Light snow/sleet,Snowfall,Snow,Snow
14059.0,-3.5,5.2,96.0,4.0,2.6,11.0,0.0,-6.5,2.6,,6.0,6.0,,,0.0,,0.74,,0.06,,110.0,110.0,-3.1,0.3,2.1,0.37,0.37,,,2.6,1.06,71.0,Light snow/sleet,Snowfall,Snow,Snow
14061.0,-12.0,1.3,40.0,0.0,0.0,7.0,0.0,-8.2,7.4,,7.0,,,,,,,,,,112.0,,-10.7,10.8,10.3,,,,,0.0,0.4,0.0,Dry weather,Dry weather,Ice,
14063.0,-9.6,3.7,46.0,0.0,0.0,7.0,0.0,-3.3,4.4,,1.0,,,,0.0,,0.19,,0.01,,425.0,,-8.5,9.4,7.1,0.43,0.43,,,0.0,0.0,0.0,Dry weather,Dry weather,Dry,
14064.0,-8.5,5.7,48.0,0.0,0.0,7.0,0.0,-3.5,4.4,,1.0,,,,0.0,0.0,0.0,0.0,0.0,0.0,112.0,,-7.6,8.9,6.4,0.82,0.82,0.82,0.82,0.0,0.06,0.0,Dry weather,Dry weather,Dry,
14066.0,-9.8,2.9,42.0,0.0,0.0,7.0,,-3.6,4.8,,,1.0,,,0.0,,0.0,,0.0,,,411.0,-8.7,10.6,,0.82,0.82,,,0.0,,0.0,Dry weather,Dry weather,,Dry
14068.0,-9.9,1.9,43.0,0.0,0.0,7.0,0.0,-2.7,5.6,,1.0,1.0,,,,0.0,,0.0,,0.0,422.0,411.0,-8.8,10.2,8.4,,,0.82,0.82,0.0,0.0,0.0,Dry weather,Dry weather,Dry,Dry
14069.0,-10.6,,39.0,0.0,0.0,7.0,-0.1,-4.7,6.3,,1.0,,,,,,,,,,411.0,,-9.5,11.4,8.0,,,,,0.0,0.0,0.0,Dry weather,Dry weather,Dry,
14070.0,-10.2,4.1,42.0,0.0,0.0,7.0,0.0,-3.4,4.7,,8.0,,,,,,,,,,115.0,,-9.1,10.3,6.9,,,,,0.0,0.46,0.0,Dry weather,Dry weather,Probably moist and salty,
15003.0,-9.7,3.5,42.0,0.0,0.1,,,,,,0.0,,,,,,,,,,2.0,,,,,,,,,,1.0,,Dry weather,,The sensor has a fault,
15004.0,-5.9,,60.0,0.0,0.1,,,,,,,,,,,,,,,,,,,,,,,,,,,,Dry weather,,,
15005.0,-11.1,,42.0,0.0,0.0,,,,,,,,,,,,,,,,,,,,,,,,,,,,Dry weather,,,
15006.0,-10.4,,43.0,0.0,,,,,,,,,,,,,,,,,,,,,,,,,,,,,Dry weather,,,
15007.0,-10.3,2.3,40.0,0.0,,,,,,,,,,,,,,,,,,,,,,,,,,,,,Dry weather,,,
15008.0,-11.5,0.9,40.0,0.0,,,,,,,,,,,,,,,,,,,,,,,,,,,,,Dry weather,,,
15009.0,-0.3,6.8,95.0,4.0,,,,,,,,,,,,,,,,,,,,,,,,,,,,,Light snow/sleet,,,
15010.0,-9.4,1.6,42.0,0.0,,,,,,,,,,,,,,,,,,,,,,,,,,,,,Dry weather,,,
,,,,,,,,,,,,,,,,,,,,,,,,,,,,,,,,,,,,
15038.0,,,,,,,,,,,13.0,,,,,,,,,,,,,,,,,,,,,,,,,
16001.0,-0.6,0.6,76.0,0.0,0.0,7.0,0.0,,,,1.0,1.0,,,,,,,,,418.0,398.0,,,,,,,,,0.0,0.0,Dry weather,Dry weather,Dry,Dry
16002.0,-0.4,0.9,81.0,0.0,0.0,7.0,0.0,,,,1.0,1.0,,,,,,,,,110.0,328.0,,,,,,,,,0.0,0.0,Dry weather,Dry weather,Dry,Dry
16003.0,0.6,1.1,93.0,0.0,0.0,7.0,0.0,,,,8.0,1.0,,,,,,,,,113.0,305.0,,,,,,,,,0.0,0.0,Dry weather,Dry weather,Probably moist and salty,Dry
16004.0,0.6,1.1,93.0,0.0,0.0,7.0,0.0,,,,1.0,1.0,,,,,,,,,108.0,110.0,,,,,,,,,0.0,0.0,Dry weather,Dry weather,Dry,Dry
16005.0,0.1,2.2,91.0,0.0,0.0,7.0,0.0,,,,1.0,1.0,,,,,,,,,395.0,373.0,,,,,,,,,0.0,0.0,Dry weather,Dry weather,Dry,Dry
16006.0,0.1,2.2,91.0,0.0,0.0,7.0,0.0,,,,1.0,1.0,,,,,,,,,150.0,113.0,,,,,,,,,0.0,0.0,Dry weather,Dry weather,Dry,Dry
16007.0,1.1,0.2,94.0,0.0,0.0,7.0,0.0,,,,1.0,1.0,,,,,,,,,418.0,415.0,,,,,,,,,0.0,0.0,Dry weather,Dry weather,Dry,Dry
16008.0,0.9,0.2,95.0,0.0,0.0,7.0,0.0,,,,8.0,1.0,,,,,,,,,,348.0,,,,,,,,,0.0,0.0,Dry weather,Dry weather,Probably moist and salty,Dry
16009.0,0.5,1.0,93.0,0.0,0.0,7.0,0.0,,,,1.0,1.0,,,,,,,,,465.0,383.0,,,,,,,,,0.0,0.0,Dry weather,Dry weather,Dry,Dry
16010.0,0.6,1.0,94.0,0.0,0.0,7.0,0.0,,,,1.0,1.0,,,,,,,,,415.0,123.0,,,,,,,,,0.0,0.0,Dry weather,Dry weather,Dry,Dry
16011.0,1.1,0.3,95.0,0.0,0.0,7.0,0.0,,,,1.0,1.0,,,,,,,,,110.0,438.0,,,,,,,,,0.0,0.0,Dry weather,Dry weather,Dry,Dry
16012.0,1.1,0.3,95.0,0.0,0.0,7.0,0.0,,,,1.0,1.0,,,,,,,,,335.0,110.0,,,,,,,,,0.0,0.0,Dry weather,Dry weather,Dry,Dry
16013.0,1.1,0.3,95.0,0.0,0.0,7.0,,,,,1.0,,,,0.0,,0.0,,0.0,,,,,,,0.81,0.81,,,,0.0,0.0,Dry weather,Dry weather,Dry,
18004.0,0.7,1.0,94.0,0.0,0.0,7.0,,-4.5,4.0,,0.0,0.0,,,,,,,,,,2.0,0.7,1.0,,,,,,0.0,,10.0,Dry weather,Dry weather,The sensor has a fault,The sensor has a fault
,,,,,,,,,,,,,,,,,,,,,,,,,,,,,,,,,,,,
18006.0,-10.2,3.3,44.0,0.0,0.0,7.0,-0.1,-4.2,5.6,,1.0,1.0,,,0.0,,0.0,,0.0,,411.0,409.0,-9.1,9.7,7.7,0.82,0.82,,,0.0,0.0,0.0,Dry weather,Dry weather,Dry,Dry
19906.0,-8.4,8.3,46.0,0.0,0.0,7.0,,,,,1.0,2.0,,,,,,,,,107.0,120.0,,,,,,,,,0.0,0.0,Dry weather,Dry weather,Dry,Moist
19907.0,-8.1,,47.0,0.0,0.0,7.0,,,,,2.0,1.0,,,,,,,,,115.0,107.0,,,,,,,,,0.0,0.0,Dry weather,Dry weather,Moist,Dry
19908.0,0.5,4.5,99.0,4.0,0.3,11.0,,,,,4.0,3.0,,,,,,,,,110.0,110.0,,,,,,,,,0.1,74.0,Light snow/sleet,Snowfall,Wet and salty,Wet
19909.0,0.8,,100.0,1.0,0.2,10.0,,,,,3.0,3.0,,,,,,,,,115.0,109.0,,,,,,,,,0.09,60.0,Weak,Rain,Wet,Wet
19910.0,-0.8,,88.0,0.0,0.0,7.0,,,,,1.0,1.0,,,,,,,,,405.0,405.0,,,,,,,,,0.0,0.0,Dry weather,Dry weather,Dry,Dry
19911.0,-0.9,2.4,88.0,0.0,0.0,7.0,,,,,1.0,1.0,,,,,,,,,410.0,115.0,,,,,,,,,0.0,0.0,Dry weather,Dry weather,Dry,Dry
,,,,,,,,,,,,,,,,,,,,,,,,,,,,,,,,,,,,
19913.0,-6.1,,66.0,0.0,0.0,7.0,,,,,1.0,1.0,,,,,,,,,365.0,401.0,,,,,,,,,0.0,0.0,Dry weather,Dry weather,Dry,Dry
19914.0,-6.1,,66.0,0.0,0.0,7.0,,,,,1.0,1.0,,,,,,,,,422.0,417.0,,,,,,,,,0.0,0.0,Dry weather,Dry weather,Dry,Dry
19915.0,-1.2,4.8,79.0,0.0,0.0,7.0,,,,,1.0,1.0,,,,,,,,,227.0,414.0,,,,,,,,,0.0,0.0,Dry weather,Dry weather,Dry,Dry
19916.0,-1.3,,78.0,0.0,0.0,7.0,,,,,1.0,1.0,,,,,,,,,409.0,417.0,,,,,,,,,0.0,0.0,Dry weather,Dry weather,Dry,Dry
19917.0,-2.8,,64.0,0.0,0.0,7.0,,,,,1.0,8.0,,,,,,,,,110.0,108.0,,,,,,,,,0.0,,Dry weather,Dry weather,Dry,Probably moist and salty
19918.0,-3.1,,63.0,0.0,0.0,7.0,,,,,1.0,1.0,,,,,,,,,108.0,113.0,,,,,,,,,0.0,,Dry weather,Dry weather,Dry,Dry
19919.0,-10.1,5.4,45.0,0.0,0.0,7.0,,,,,2.0,2.0,,,,,,,,,109.0,109.0,,,,,,,,,0.0,0.0,Dry weather,Dry weather,Moist,Moist
19920.0,-9.5,,48.0,0.0,0.0,7.0,,,,,1.0,1.0,,,,,,,,,112.0,110.0,,,,,,,,,0.0,0.0,Dry weather,Dry weather,Dry,Dry
19921.0,0.5,,96.0,0.0,0.0,7.0,,,,,2.0,4.0,,,,,,,,,107.0,112.0,,,,,,,,,0.0,0.0,Dry weather,Dry weather,Moist,Wet and salty
19922.0,0.5,6.4,96.0,0.0,0.4,7.0,,,,,2.0,2.0,,,,,,,,,109.0,115.0,,,,,,,,,0.0,0.0,Dry weather,Dry weather,Moist,Moist
19923.0,0.6,,96.0,0.0,0.0,7.0,,,,,2.0,8.0,,,,,,,,,109.0,112.0,,,,,,,,,0.0,0.0,Dry weather,Dry weather,Moist,Probably moist and salty
19926.0,0.8,5.7,88.0,0.0,0.0,7.0,,,,,2.0,2.0,,,,,,,,,107.0,109.0,,,,,,,,,0.0,0.0,Dry weather,Dry weather,Moist,Moist
19927.0,0.5,,88.0,0.0,0.0,7.0,,,,,2.0,1.0,,,,,,,,,109.0,370.0,,,,,,,,,0.0,0.0,Dry weather,Dry weather,Moist,Dry
19928.0,-6.3,,50.4,,,7.0,,,,,2.0,,,,,,,,,,,,,,,,,,,,,,,Dry weather,Moist,
19929.0,-6.0,,51.72,,,7.0,,,,,1.0,,,,,,,,,,,,,,,,,,,,,,,Dry weather,Dry,
19930.0,-8.5,,49.98,,,,,,,,1.0,,,,,,,,,,,,,,,,,,,,,,,,Dry,
19931.0,-2.3,,75.0,0.0,0.0,7.0,,,,,1.0,1.0,,,,,,,,,403.0,403.0,,,,,,,,,0.0,,Dry weather,Dry weather,Dry,Dry
19932.0,-2.0,,77.0,0.0,0.0,7.0,,,,,1.0,1.0,,,,,,,,,410.0,400.0,,,,,,,,,0.0,0.0,Dry weather,Dry weather,Dry,Dry
19933.0,-8.9,,45.37,,,7.0,,,,,1.0,,,,,,,,,,,,,,,,,,,,,,,Dry weather,Dry,
19934.0,-8.8,,45.86,,,7.0,,,,,2.0,,,,,,,,,,,,,,,,,,,,,,,Dry weather,Moist,
19935.0,-8.6,,47.08,,,7.0,,,,,1.0,,,,,,,,,,,,,,,,,,,,,,,Dry weather,Dry,
19936.0,-1.9,,72.0,0.0,0.0,7.0,,,,,2.0,2.0,,,,,,,,,110.0,110.0,,,,,,,,,0.0,0.0,Dry weather,Dry weather,Moist,Moist
19937.0,-1.8,,72.0,0.0,0.0,7.0,,,,,2.0,2.0,,,,,,,,,107.0,112.0,,,,,,,,,0.0,0.0,Dry weather,Dry weather,Moist,Moist
19938.0,-1.0,,76.0,0.0,0.0,7.0,,,,,2.0,2.0,,,,,,,,,112.0,109.0,,,,,,,,,0.0,0.0,Dry weather,Dry weather,Moist,Moist
19939.0,-1.1,,80.0,0.0,0.0,7.0,,,,,2.0,2.0,,,,,,,,,115.0,107.0,,,,,,,,,0.0,0.0,Dry weather,Dry weather,Moist,Moist
19940.0,-1.1,3.3,79.0,0.0,0.0,7.0,,,,,2.0,2.0,,,,,,,,,109.0,112.0,,,,,,,,,0.0,0.0,Dry weather,Dry weather,Moist,Moist
19941.0,-1.2,,79.0,0.0,0.0,7.0,,,,,8.0,2.0,,,,,,,,,107.0,109.0,,,,,,,,,0.0,0.0,Dry weather,Dry weather,Probably moist and salty,Moist
19942.0,-2.5,6.0,71.0,0.0,0.0,7.0,,,,,2.0,2.0,,,,,,,,,109.0,112.0,,,,,,,,,0.0,0.0,Dry weather,Dry weather,Moist,Moist
19943.0,-2.4,,72.0,0.0,0.0,7.0,,,,,8.0,,,,,,,,,,107.0,,,,,,,,,,0.0,0.0,Dry weather,Dry weather,Probably moist and salty,
19944.0,-2.6,,71.0,0.0,0.0,7.0,,,,,2.0,8.0,,,,,,,,,112.0,112.0,,,,,,,,,0.0,0.0,Dry weather,Dry weather,Moist,Probably moist and salty
19945.0,-8.9,,50.0,0.0,0.0,7.0,,,,,1.0,1.0,,,,,,,,,110.0,112.0,,,,,,,,,0.0,0.0,Dry weather,Dry weather,Dry,Dry
19946.0,-8.9,7.7,49.0,0.0,0.0,7.0,,,,,1.0,1.0,,,,,,,,,110.0,107.0,,,,,,,,,0.0,0.0,Dry weather,Dry weather,Dry,Dry
19947.0,0.7,2.8,96.0,0.0,0.8,7.0,,,,,4.0,4.0,,,,,,,,,110.0,112.0,,,,,,,,,0.38,0.0,Dry weather,Dry weather,Wet and salty,Wet and salty
19948.0,0.3,,93.0,0.0,1.0,7.0,,,,,4.0,8.0,,,,,,,,,110.0,112.0,,,,,,,,,0.14,0.0,Dry weather,Dry weather,Wet and salty,Probably moist and salty
19956.0,1.7,,96.99,,,7.0,,,,,2.0,,,,,,,,,,,,,,,,,,,,,,,Dry weather,Moist,
19957.0,,,,,,7.0,,,,,1.0,,,,,,,,,,,,,,,,,,,,,,,Dry weather,Dry,
19958.0,,,,,,7.0,,,,,2.0,,,,,,,,,,,,,,,,,,,,,,,Dry weather,Moist,
19959.0,1.9,,100.0,,,7.0,,,,,2.0,,,,,,,,,,,,,,,,,,,,,,,Dry weather,Moist,
19960.0,,,,,,7.0,,,,,1.0,,,,,,,,,,,,,,,,,,,,,,,Dry weather,Dry,
19961.0,2.4,,98.7,,,7.0,,,,,1.0,,,,,,,,,,,,,,,,,,,,,,,Dry weather,Dry,
19962.0,2.4,,98.99,,,7.0,,,,,2.0,,,,,,,,,,,,,,,,,,,,,,,Dry weather,Moist,
19963.0,,,,,0.0,7.0,,,,,2.0,,,,,,,,,,,,,,,,,,,,,,,Dry weather,Moist,
19964.0,2.5,,99.46,,,7.0,,,,,1.0,,,,,,,,,,,,,,,,,,,,,,,Dry weather,Dry,
19965.0,,,,,,7.0,,,,,1.0,,,,,,,,,,,,,,,,,,,,,,,Dry weather,Dry,
19966.0,1.6,,93.94,,,7.0,,,,,2.0,,,,,,,,,,,,,,,,,,,,,,,Dry weather,Moist,
45002.0,-6.7,,50.52,,0.0,7.0,,,,,,,,,,,,,,,,,,,,,,,,,,,,Dry weather,,
45003.0,0.0,,49.98,,0.0,,,,,,,,,,,,,,,,,,,,,,,,,,,,,,,
45004.0,-6.5,,51.37,,0.0,7.0,,,,,,,,,,,,,,,,,,,,,,,,,,,,Dry weather,,
45005.0,-9.5,,45.9,,0.0,7.0,,,,,,,,,,,,,,,,,,,,,,,,,,,,Dry weather,,
45006.0,-9.4,,47.05,,0.3,7.0,,,,,,,,,,,,,,,,,,,,,,,,,,,,Dry weather,,
45007.0,-9.6,,45.83,,0.3,7.0,,,,,,,,,,,,,,,,,,,,,,,,,,,,Dry weather,,
